"Year","Player","Pos","HT","WT","Team","Selection Type","NBA Draft Status","Nationality"
1982,"Kareem Abdul-Jabbar","C","7-2","225","Los Angeles Lakers","Western All-Star Fan Vote Selection","1969 Rnd 1 Pick 1","United States"
1982,"Alex English","SF","6-7","190","Denver Nuggets","Western All-Star Fan Vote Selection","1976 Rnd 2 Pick 6","United States"
1982,"George Gervin","GF","6-7","180","San Antonio Spurs","Western All-Star Coaches Selection","1974 Rnd 3 Pick 4","United States"
1982,"Artis Gilmore","C","7-2","240","San Antonio Spurs","Western All-Star Coaches Selection","1971 Rnd 7 Pick 15","United States"
1982,"Magic Johnson","PG","6-9","255","Los Angeles Lakers","Western All-Star Fan Vote Selection","1979 Rnd 1 Pick 1","United States"
1982,"Maurice Lucas","PF","6-9","215","Phoenix Suns","Western All-Star Fan Vote Selection","1974 Rnd 1 Pick 14","United States"
1982,"Jim Paxson","SG","6-6","200","Portland Trail Blazers","Western All-Star Coaches Selection","1979 Rnd 1 Pick 12","United States"
1982,"Jack Sikma","C","6-11","230","Seattle SuperSonics","Western All-Star Coaches Selection","1977 Rnd 1 Pick 8","United States"
1982,"David Thompson","GF","6-5","195","Seattle SuperSonics","Western All-Star Fan Vote Selection","1975 Rnd 1 Pick 1","United States"
1982,"Kiki Vandeweghe","SF","6-8","220","Denver Nuggets","Western All-Star Coaches Selection","1980 Rnd 1 Pick 11","United States"
1982,"Jamaal Wilkes","GF","6-6","190","Los Angeles Lakers","Western All-Star Coaches Selection","1974 Rnd 1 Pick 11","United States"
1982,"Gus Williams","G","6-2","175","Seattle SuperSonics","Western All-Star Coaches Selection","1975 Rnd 2 Pick 2","United States"
1982,"Larry Bird","SF","6-9","220","Boston Celtics","Eastern All-Star Fan Vote Selection","1978 Rnd 1 Pick 6","United States"
1982,"Mo Cheeks","PG","6-1","180","Philadelphia Sixers","Eastern All-Star Fan Vote Selection","1978 Rnd 2 Pick 14","United States"
1982,"Julius Erving","SF","6-6","200","Philadelphia Sixers","Eastern All-Star Fan Vote Selection","1972 Rnd 1 Pick 12","United States"
1982,"Marques Johnson","GF","6-7","218","Milwaukee Bucks","Eastern All-Star Coaches Selection","1977 Rnd 1 Pick 3","United States"
1982,"Bill Laimbeer","C","6-11","245","Detroit Pistons","Eastern All-Star Coaches Selection","1979 Rnd 3 Pick 21","United States"
1982,"Moses Malone","C","6-10","215","Philadelphia Sixers","Eastern All-Star Fan Vote Selection","1976 NBA Draft, Undrafted","United States"
1982,"Sidney Moncrief","SG","6-3","180","Milwaukee Bucks","Eastern All-Star Coaches Selection","1979 Rnd 1 Pick 5","United States"
1982,"Robert Parish","C","7-0","230","Boston Celtics","Eastern All-Star Coaches Selection","1976 Rnd 1 Pick 8","United States"
1982,"Reggie Theus","GF","6-7","190","Chicago Bulls","Eastern All-Star Coaches Selection","1978 Rnd 1 Pick 9","United States"
1982,"Isiah Thomas","PG","6-1","180","Detroit Pistons","Eastern All-Star Fan Vote Selection","1981 Rnd 1 Pick 2","United States"
1982,"Andrew Toney","G","6-3","178","Philadelphia Sixers","Eastern All-Star Coaches Selection","1980 Rnd 1 Pick 8","United States"
1982,"Buck Williams","PF","6-8","215","New Jersey Nets","Eastern All-Star Coaches Selection","1981 Rnd 1 Pick 3","United States"
1983,"Kareem Abdul-Jabbar","C","7-2","225","Los Angeles Lakers","Western All-Star Fan Vote Selection","1969 Rnd 1 Pick 1","United States"
1983,"Mark Aguirre","SF","6-6","232","Dallas Mavericks","Western All-Star Coaches Selection","1981 Rnd 1 Pick 1","United States"
1983,"Adrian Dantley","SF","6-5","208","Utah Jazz","Western All-Star Fan Vote Selection","1976 Rnd 1 Pick 6","United States"
1983,"Walter Davis","GF","6-6","193","Phoenix Suns","Western All-Star Coaches Selection","1977 Rnd 1 Pick 5","United States"
1983,"Alex English","SF","6-7","190","Denver Nuggets","Western All-Star Fan Vote Selection","1976 Rnd 2 Pick 6","United States"
1983,"George Gervin","GF","6-7","180","San Antonio Spurs","Western All-Star Fan Vote Selection","1974 Rnd 3 Pick 4","United States"
1983,"Rickey Green","PG","6-0","170","Utah Jazz","Western All-Star Coaches Selection","1977 Rnd 1 Pick 16","United States"
1983,"Magic Johnson","PG","6-9","255","Los Angeles Lakers","Western All-Star Fan Vote Selection","1979 Rnd 1 Pick 1","United States"
1983,"Jim Paxson","SG","6-6","200","Portland Trail Blazers","Western All-Star Coaches Selection","1979 Rnd 1 Pick 12","United States"
1983,"Ralph Sampson","C","7-4","228","Houston Rockets","Western All-Star Coaches Selection","1983 Rnd 1 Pick 1","United States"
1983,"Jack Sikma","C","6-11","230","Seattle SuperSonics","Western All-Star Coaches Selection","1977 Rnd 1 Pick 8","United States"
1983,"Kiki Vandeweghe","SF","6-8","220","Denver Nuggets","Western All-Star Coaches Selection","1980 Rnd 1 Pick 11","United States"
1983,"Larry Bird","SF","6-9","220","Boston Celtics","Eastern All-Star Fan Vote Selection","1978 Rnd 1 Pick 6","United States"
1983,"Otis Birdsong","GF","6-3","190","New Jersey Nets","Eastern All-Star Coaches Selection","1977 Rnd 1 Pick 2","United States"
1983,"Julius Erving","SF","6-6","200","Philadelphia Sixers","Eastern All-Star Fan Vote Selection","1972 Rnd 1 Pick 12","United States"
1983,"Bernard King","SF","6-7","205","New York Knicks","Eastern All-Star Coaches Selection","1977 Rnd 1 Pick 7","United States"
1983,"Bill Laimbeer","C","6-11","245","Detroit Pistons","Eastern All-Star Replacement Selection","1979 Rnd 3 Pick 21","United States"
1983,"Moses Malone","C","6-10","215","Philadelphia Sixers","Eastern All-Star Fan Vote Selection","1976 NBA Draft, Undrafted","United States"
1983,"Kevin McHale","PF","6-10","210","Boston Celtics","Eastern All-Star Coaches Selection","1980 Rnd 1 Pick 3","United States"
1983,"Sidney Moncrief","SG","6-3","180","Milwaukee Bucks","Eastern All-Star Fan Vote Selection","1979 Rnd 1 Pick 5","United States"
1983,"Robert Parish","C","7-0","230","Boston Celtics","Eastern All-Star Coaches Selection","1976 Rnd 1 Pick 8","United States"
1983,"Jeff Ruland","C","6-10","240","Washington Bullets","Eastern All-Star Coaches Selection","1980 Rnd 2 Pick 2","United States"
1983,"Isiah Thomas","PG","6-1","180","Detroit Pistons","Eastern All-Star Fan Vote Selection","1981 Rnd 1 Pick 2","United States"
1983,"Andrew Toney","G","6-3","178","Philadelphia Sixers","Eastern All-Star Coaches Selection","1980 Rnd 1 Pick 8","United States"
1983,"Kelly Tripucka","SF","6-6","220","Detroit Pistons","Eastern All-Star Coaches Selection","1981 Rnd 1 Pick 12","United States"
1984,"Larry Bird","SF","6-9","220","Boston Celtics","Eastern All-Star Fan Vote Selection","1978 Rnd 1 Pick 6","United States"
1984,"Terry Cummings","PF","6-9","220","Milwaukee Bucks","Eastern All-Star Coaches Selection","1982 Rnd 1 Pick 2","United States"
1984,"Julius Erving","SF","6-6","200","Philadelphia Sixers","Eastern All-Star Fan Vote Selection","1972 Rnd 1 Pick 12","United States"
1984,"Dennis Johnson","PG","6-4","185","Boston Celtics","Eastern All-Star Coaches Selection","1976 Rnd 2 Pick 12","United States"
1984,"Michael Jordan","SG","6-6","215","Chicago Bulls","Eastern All-Star Fan Vote Selection","1984 Rnd 1 Pick 3","United States"
1984,"Bernard King","SF","6-7","205","New York Knicks","Eastern All-Star Coaches Selection","1977 Rnd 1 Pick 7","United States"
1984,"Bill Laimbeer","C","6-11","245","Detroit Pistons","Eastern All-Star Coaches Selection","1979 Rnd 3 Pick 21","United States"
1984,"Moses Malone","C","6-10","215","Philadelphia Sixers","Eastern All-Star Fan Vote Selection","1976 NBA Draft, Undrafted","United States"
1984,"Sidney Moncrief","SG","6-3","180","Milwaukee Bucks","Eastern All-Star Coaches Selection","1979 Rnd 1 Pick 5","United States"
1984,"Robert Parish","C","7-0","230","Boston Celtics","Eastern All-Star Coaches Selection","1976 Rnd 1 Pick 8","United States"
1984,"Micheal Ray Richardson","PG","6-5","189","New Jersey Nets","Eastern All-Star Coaches Selection","1978 Rnd 1 Pick 4","United States"
1984,"Isiah Thomas","PG","6-1","180","Detroit Pistons","Eastern All-Star Fan Vote Selection","1981 Rnd 1 Pick 2","United States"
1984,"Kareem Abdul-Jabbar","C","7-2","225","Los Angeles Lakers","Western All-Star Fan Vote Selection","1969 Rnd 1 Pick 1","United States"
1984,"Rolando Blackman","G","6-6","190","Dallas Mavericks","Western All-Star Coaches Selection","1981 Rnd 1 Pick 9","PanamaUnited States"
1984,"Adrian Dantley","SF","6-5","208","Utah Jazz","Western All-Star Fan Vote Selection","1976 Rnd 1 Pick 6","United States"
1984,"Alex English","SF","6-7","190","Denver Nuggets","Western All-Star Coaches Selection","1976 Rnd 2 Pick 6","United States"
1984,"George Gervin","GF","6-7","180","San Antonio Spurs","Western All-Star Fan Vote Selection","1974 Rnd 3 Pick 4","United States"
1984,"Magic Johnson","PG","6-9","255","Los Angeles Lakers","Western All-Star Fan Vote Selection","1979 Rnd 1 Pick 1","United States"
1984,"Larry Nance","PF","6-10","205","Phoenix Suns","Western All-Star Coaches Selection","1981 Rnd 1 Pick 20","United States"
1984,"Calvin Natt","F","6-6","220","Denver Nuggets","Western All-Star Coaches Selection","1979 Rnd 1 Pick 8","United States"
1984,"Norm Nixon","G","6-2","170","Los Angeles Clippers","Western All-Star Coaches Selection","1977 Rnd 1 Pick 22","United States"
1984,"Hakeem Olajuwon","C","7-0","255","Houston Rockets","Western All-Star Coaches Selection","1984 Rnd 1 Pick 1","NigeriaUnited States"
1984,"Ralph Sampson","C","7-4","228","Houston Rockets","Western All-Star Fan Vote Selection","1983 Rnd 1 Pick 1","United States"
1984,"Jack Sikma","C","6-11","230","Seattle SuperSonics","Western All-Star Coaches Selection","1977 Rnd 1 Pick 8","United States"
1985,"Kareem Abdul-Jabbar","C","7-2","225","Los Angeles Lakers","Western All-Star Fan Vote Selection","1969 Rnd 1 Pick 1","United States"
1985,"Rolando Blackman","G","6-6","190","Dallas Mavericks","Western All-Star Coaches Selection","1981 Rnd 1 Pick 9","PanamaUnited States"
1985,"Adrian Dantley","SF","6-5","208","Utah Jazz","Western All-Star Coaches Selection","1976 Rnd 1 Pick 6","United States"
1985,"Clyde Drexler","SG","6-7","210","Portland Trail Blazers","Western All-Star Coaches Selection","1983 Rnd 1 Pick 14","United States"
1985,"Alex English","SF","6-7","190","Denver Nuggets","Western All-Star Coaches Selection","1976 Rnd 2 Pick 6","United States"
1985,"Artis Gilmore","C","7-2","240","San Antonio Spurs","Western All-Star Coaches Selection","1971 Rnd 7 Pick 15","United States"
1985,"Magic Johnson","PG","6-9","255","Los Angeles Lakers","Western All-Star Fan Vote Selection","1979 Rnd 1 Pick 1","United States"
1985,"Marques Johnson","GF","6-7","218","Los Angeles Clippers","Western All-Star Coaches Selection","1977 Rnd 1 Pick 3","United States"
1985,"Hakeem Olajuwon","C","7-0","255","Houston Rockets","Western All-Star Coaches Selection","1984 Rnd 1 Pick 1","NigeriaUnited States"
1985,"Alvin Robertson","SG","6-3","185","San Antonio Spurs","Western All-Star Fan Vote Selection","1984 Rnd 1 Pick 7","United States"
1985,"Ralph Sampson","C","7-4","228","Houston Rockets","Western All-Star Fan Vote Selection","1983 Rnd 1 Pick 1","United States"
1985,"James Worthy","SF","6-9","225","Los Angeles Lakers","Western All-Star Fan Vote Selection","1982 Rnd 1 Pick 1","United States"
1985,"Larry Bird","SF","6-9","220","Boston Celtics","Eastern All-Star Fan Vote Selection","1978 Rnd 1 Pick 6","United States"
1985,"Mo Cheeks","PG","6-1","180","Philadelphia Sixers","Eastern All-Star Coaches Selection","1978 Rnd 2 Pick 14","United States"
1985,"Julius Erving","SF","6-6","200","Philadelphia Sixers","Eastern All-Star Fan Vote Selection","1972 Rnd 1 Pick 12","United States"
1985,"Patrick Ewing","C","7-0","240","New York Knicks","Eastern All-Star Coaches Selection","1985 Rnd 1 Pick 1","United StatesJamaica"
1985,"Michael Jordan","SG","6-6","215","Chicago Bulls","Eastern All-Star Fan Vote Selection","1984 Rnd 1 Pick 3","United States"
1985,"Jeff Malone","SG","6-4","205","Washington Bullets","Eastern All-Star Coaches Selection","1983 Rnd 1 Pick 10","United States"
1985,"Moses Malone","C","6-10","215","Philadelphia Sixers","Eastern All-Star Fan Vote Selection","1976 NBA Draft, Undrafted","United States"
1985,"Kevin McHale","PF","6-10","210","Boston Celtics","Eastern All-Star Coaches Selection","1980 Rnd 1 Pick 3","United States"
1985,"Sidney Moncrief","SG","6-3","180","Milwaukee Bucks","Eastern All-Star Replacement Selection","1979 Rnd 1 Pick 5","United States"
1985,"Robert Parish","C","7-0","230","Boston Celtics","Eastern All-Star Coaches Selection","1976 Rnd 1 Pick 8","United States"
1985,"Isiah Thomas","PG","6-1","180","Detroit Pistons","Eastern All-Star Fan Vote Selection","1981 Rnd 1 Pick 2","United States"
1985,"Dominique Wilkins","SF","6-7","200","Atlanta Hawks","Eastern All-Star Coaches Selection","1982 Rnd 1 Pick 3","United States"
1985,"Buck Williams","PF","6-8","215","New Jersey Nets","Eastern All-Star Coaches Selection","1981 Rnd 1 Pick 3","United States"
1986,"Kareem Abdul-Jabbar","C","7-2","225","Los Angeles Lakers","Western All-Star Coaches Selection","1969 Rnd 1 Pick 1","United States"
1986,"Mark Aguirre","SF","6-6","232","Dallas Mavericks","Western All-Star Coaches Selection","1981 Rnd 1 Pick 1","United States"
1986,"Rolando Blackman","G","6-6","190","Dallas Mavericks","Western All-Star Coaches Selection","1981 Rnd 1 Pick 9","PanamaUnited States"
1986,"Joe Barry Carroll","FC","7-0","225","Golden State Warriors","Western All-Star Coaches Selection","1980 Rnd 1 Pick 1","United States"
1986,"Tom Chambers","PF","6-10","220","Seattle SuperSonics","Western All-Star Replacement Selection","1981 Rnd 1 Pick 8","United States"
1986,"Walter Davis","GF","6-6","193","Phoenix Suns","Western All-Star Coaches Selection","1977 Rnd 1 Pick 5","United States"
1986,"Alex English","SF","6-7","190","Denver Nuggets","Western All-Star Coaches Selection","1976 Rnd 2 Pick 6","United States"
1986,"Sleepy Floyd","PG","6-3","170","Golden State Warriors","Western All-Star Coaches Selection","1982 Rnd 1 Pick 13","United States"
1986,"Magic Johnson","PG","6-9","255","Los Angeles Lakers","Western All-Star Fan Vote Selection","1979 Rnd 1 Pick 1","United States"
1986,"Hakeem Olajuwon","C","7-0","255","Houston Rockets","Western All-Star Fan Vote Selection","1984 Rnd 1 Pick 1","NigeriaUnited States"
1986,"Alvin Robertson","SG","6-3","185","San Antonio Spurs","Western All-Star Fan Vote Selection","1984 Rnd 1 Pick 7","United States"
1986,"Ralph Sampson","C","7-4","228","Houston Rockets","Western All-Star Fan Vote Selection","1983 Rnd 1 Pick 1","United States"
1986,"James Worthy","SF","6-9","225","Los Angeles Lakers","Western All-Star Fan Vote Selection","1982 Rnd 1 Pick 1","United States"
1986,"Charles Barkley","PF","6-6","252","Philadelphia Sixers","Eastern All-Star Coaches Selection","1984 Rnd 1 Pick 5","United States"
1986,"Larry Bird","SF","6-9","220","Boston Celtics","Eastern All-Star Fan Vote Selection","1978 Rnd 1 Pick 6","United States"
1986,"Mo Cheeks","PG","6-1","180","Philadelphia Sixers","Eastern All-Star Coaches Selection","1978 Rnd 2 Pick 14","United States"
1986,"Julius Erving","SF","6-6","200","Philadelphia Sixers","Eastern All-Star Fan Vote Selection","1972 Rnd 1 Pick 12","United States"
1986,"Michael Jordan","SG","6-6","215","Chicago Bulls","Eastern All-Star Fan Vote Selection","1984 Rnd 1 Pick 3","United States"
1986,"Bill Laimbeer","C","6-11","245","Detroit Pistons","Eastern All-Star Coaches Selection","1979 Rnd 3 Pick 21","United States"
1986,"Jeff Malone","SG","6-4","205","Washington Bullets","Eastern All-Star Coaches Selection","1983 Rnd 1 Pick 10","United States"
1986,"Moses Malone","C","6-10","215","Washington Bullets","Eastern All-Star Fan Vote Selection","1976 NBA Draft, Undrafted","United States"
1986,"Kevin McHale","PF","6-10","210","Boston Celtics","Eastern All-Star Coaches Selection","1980 Rnd 1 Pick 3","United States"
1986,"Robert Parish","C","7-0","230","Boston Celtics","Eastern All-Star Coaches Selection","1976 Rnd 1 Pick 8","United States"
1986,"Isiah Thomas","PG","6-1","180","Detroit Pistons","Eastern All-Star Coaches Selection","1981 Rnd 1 Pick 2","United States"
1986,"Dominique Wilkins","SF","6-7","200","Atlanta Hawks","Eastern All-Star Fan Vote Selection","1982 Rnd 1 Pick 3","United States"
1987,"Danny Ainge","G","6-4","175","Boston Celtics","Eastern All-Star Coaches Selection","1981 Rnd 2 Pick 8","United States"
1987,"Charles Barkley","PF","6-6","252","Philadelphia Sixers","Eastern All-Star Coaches Selection","1984 Rnd 1 Pick 5","United States"
1987,"Larry Bird","SF","6-9","220","Boston Celtics","Eastern All-Star Fan Vote Selection","1978 Rnd 1 Pick 6","United States"
1987,"Mo Cheeks","PG","6-1","180","Philadelphia Sixers","Eastern All-Star Coaches Selection","1978 Rnd 2 Pick 14","United States"
1987,"Brad Daugherty","C","7-0","245","Cleveland Cavaliers","Eastern All-Star Coaches Selection","1986 Rnd 1 Pick 1","United States"
1987,"Patrick Ewing","C","7-0","240","New York Knicks","Eastern All-Star Coaches Selection","1985 Rnd 1 Pick 1","United StatesJamaica"
1987,"Michael Jordan","SG","6-6","215","Chicago Bulls","Eastern All-Star Fan Vote Selection","1984 Rnd 1 Pick 3","United States"
1987,"Moses Malone","C","6-10","215","Washington Bullets","Eastern All-Star Fan Vote Selection","1976 NBA Draft, Undrafted","United States"
1987,"Kevin McHale","PF","6-10","210","Boston Celtics","Eastern All-Star Coaches Selection","1980 Rnd 1 Pick 3","United States"
1987,"Doc Rivers","G","6-4","185","Atlanta Hawks","Eastern All-Star Coaches Selection","1983 Rnd 2 Pick 7","United States"
1987,"Isiah Thomas","PG","6-1","180","Detroit Pistons","Eastern All-Star Fan Vote Selection","1981 Rnd 1 Pick 2","United States"
1987,"Dominique Wilkins","SF","6-7","200","Atlanta Hawks","Eastern All-Star Fan Vote Selection","1982 Rnd 1 Pick 3","United States"
1987,"Kareem Abdul-Jabbar","C","7-2","225","Los Angeles Lakers","Western All-Star Coaches Selection","1969 Rnd 1 Pick 1","United States"
1987,"Mark Aguirre","SF","6-6","232","Dallas Mavericks","Western All-Star Coaches Selection","1981 Rnd 1 Pick 1","United States"
1987,"James Donaldson","C","7-2","275","Dallas Mavericks","Western All-Star Coaches Selection","1979 Rnd 4 Pick 7","England"
1987,"Clyde Drexler","SG","6-7","210","Portland Trail Blazers","Western All-Star Coaches Selection","1983 Rnd 1 Pick 14","United States"
1987,"Alex English","SF","6-7","190","Denver Nuggets","Western All-Star Fan Vote Selection","1976 Rnd 2 Pick 6","United States"
1987,"Magic Johnson","PG","6-9","255","Los Angeles Lakers","Western All-Star Fan Vote Selection","1979 Rnd 1 Pick 1","United States"
1987,"Fat Lever","PG","6-3","170","Denver Nuggets","Western All-Star Fan Vote Selection","1982 Rnd 1 Pick 11","United States"
1987,"Karl Malone","PF","6-9","265","Utah Jazz","Western All-Star Fan Vote Selection","1985 Rnd 1 Pick 13","United States"
1987,"Xavier McDaniel","PF","6-7","205","Seattle SuperSonics","Western All-Star Coaches Selection","1985 Rnd 1 Pick 4","United States"
1987,"Hakeem Olajuwon","C","7-0","255","Houston Rockets","Western All-Star Fan Vote Selection","1984 Rnd 1 Pick 1","NigeriaUnited States"
1987,"Alvin Robertson","SG","6-3","185","San Antonio Spurs","Western All-Star Coaches Selection","1984 Rnd 1 Pick 7","United States"
1987,"James Worthy","SF","6-9","225","Los Angeles Lakers","Western All-Star Coaches Selection","1982 Rnd 1 Pick 1","United States"
1988,"Kareem Abdul-Jabbar","C","7-2","225","Los Angeles Lakers","Western All-Star Replacement Selection","1969 Rnd 1 Pick 1","United States"
1988,"Tom Chambers","PF","6-10","220","Phoenix Suns","Western All-Star Coaches Selection","1981 Rnd 1 Pick 8","United States"
1988,"Clyde Drexler","SG","6-7","210","Portland Trail Blazers","Western All-Star Coaches Selection","1983 Rnd 1 Pick 14","United States"
1988,"Kevin Duckworth","C","7-0","275","Portland Trail Blazers","Western All-Star Coaches Selection","1986 Rnd 2 Pick 9","United States"
1988,"Mark Eaton","C","7-4","275","Utah Jazz","Western All-Star Coaches Selection","1982 Rnd 4 Pick 3","United States"
1988,"Dale Ellis","GF","6-7","205","Seattle SuperSonics","Western All-Star Fan Vote Selection","1983 Rnd 1 Pick 9","United States"
1988,"Alex English","SF","6-7","190","Denver Nuggets","Western All-Star Fan Vote Selection","1976 Rnd 2 Pick 6","United States"
1988,"Magic Johnson","PG","6-9","255","Los Angeles Lakers","Western All-Star Fan Vote Selection","1979 Rnd 1 Pick 1","United States"
1988,"Karl Malone","PF","6-9","265","Utah Jazz","Western All-Star Fan Vote Selection","1985 Rnd 1 Pick 13","United States"
1988,"Chris Mullin","SF","6-7","215","Golden State Warriors","Western All-Star Coaches Selection","1985 Rnd 1 Pick 7","United States"
1988,"Hakeem Olajuwon","C","7-0","255","Houston Rockets","Western All-Star Fan Vote Selection","1984 Rnd 1 Pick 1","NigeriaUnited States"
1988,"John Stockton","PG","6-1","170","Utah Jazz","Western All-Star Coaches Selection","1984 Rnd 1 Pick 16","United States"
1988,"James Worthy","SF","6-9","225","Los Angeles Lakers","Western All-Star Coaches Selection","1982 Rnd 1 Pick 1","United States"
1988,"Charles Barkley","PF","6-6","252","Philadelphia Sixers","Eastern All-Star Fan Vote Selection","1984 Rnd 1 Pick 5","United States"
1988,"Terry Cummings","PF","6-9","220","Milwaukee Bucks","Eastern All-Star Coaches Selection","1982 Rnd 1 Pick 2","United States"
1988,"Brad Daugherty","C","7-0","245","Cleveland Cavaliers","Eastern All-Star Coaches Selection","1986 Rnd 1 Pick 1","United States"
1988,"Patrick Ewing","C","7-0","240","New York Knicks","Eastern All-Star Coaches Selection","1985 Rnd 1 Pick 1","United StatesJamaica"
1988,"Mark Jackson","PG","6-1","180","New York Knicks","Eastern All-Star Coaches Selection","1987 Rnd 1 Pick 18","United States"
1988,"Michael Jordan","SG","6-6","215","Chicago Bulls","Eastern All-Star Fan Vote Selection","1984 Rnd 1 Pick 3","United States"
1988,"Moses Malone","C","6-10","215","Atlanta Hawks","Eastern All-Star Fan Vote Selection","1976 NBA Draft, Undrafted","United States"
1988,"Kevin McHale","PF","6-10","210","Boston Celtics","Eastern All-Star Coaches Selection","1980 Rnd 1 Pick 3","United States"
1988,"Larry Nance","PF","6-10","205","Cleveland Cavaliers","Eastern All-Star Coaches Selection","1981 Rnd 1 Pick 20","United States"
1988,"Mark Price","PG","6-0","170","Cleveland Cavaliers","Eastern All-Star Coaches Selection","1986 Rnd 2 Pick 1","United States"
1988,"Isiah Thomas","PG","6-1","180","Detroit Pistons","Eastern All-Star Fan Vote Selection","1981 Rnd 1 Pick 2","United States"
1988,"Dominique Wilkins","SF","6-7","200","Atlanta Hawks","Eastern All-Star Fan Vote Selection","1982 Rnd 1 Pick 3","United States"
1989,"Charles Barkley","PF","6-6","252","Philadelphia Sixers","Eastern All-Star Fan Vote Selection","1984 Rnd 1 Pick 5","United States"
1989,"Larry Bird","SF","6-9","220","Boston Celtics","Eastern All-Star Fan Vote Selection","1978 Rnd 1 Pick 6","United States"
1989,"Joe Dumars","SG","6-3","190","Detroit Pistons","Eastern All-Star Coaches Selection","1985 Rnd 1 Pick 18","United States"
1989,"Patrick Ewing","C","7-0","240","New York Knicks","Eastern All-Star Fan Vote Selection","1985 Rnd 1 Pick 1","United StatesJamaica"
1989,"Michael Jordan","SG","6-6","215","Chicago Bulls","Eastern All-Star Fan Vote Selection","1984 Rnd 1 Pick 3","United States"
1989,"Kevin McHale","PF","6-10","210","Boston Celtics","Eastern All-Star Coaches Selection","1980 Rnd 1 Pick 3","United States"
1989,"Reggie Miller","SG","6-7","185","Indiana Pacers","Eastern All-Star Coaches Selection","1987 Rnd 1 Pick 11","United States"
1989,"Robert Parish","C","7-0","230","Boston Celtics","Eastern All-Star Coaches Selection","1976 Rnd 1 Pick 8","United States"
1989,"Scottie Pippen","SF","6-8","228","Chicago Bulls","Eastern All-Star Coaches Selection","1987 Rnd 1 Pick 5","United States"
1989,"Dennis Rodman","PF","6-7","210","Detroit Pistons","Eastern All-Star Coaches Selection","1986 Rnd 2 Pick 3","United States"
1989,"Isiah Thomas","PG","6-1","180","Detroit Pistons","Eastern All-Star Fan Vote Selection","1981 Rnd 1 Pick 2","United States"
1989,"Dominique Wilkins","SF","6-7","200","Atlanta Hawks","Eastern All-Star Coaches Selection","1982 Rnd 1 Pick 3","United States"
1989,"Rolando Blackman","G","6-6","190","Dallas Mavericks","Western All-Star Replacement Selection","1981 Rnd 1 Pick 9","PanamaUnited States"
1989,"Tom Chambers","PF","6-10","220","Phoenix Suns","Western All-Star Coaches Selection","1981 Rnd 1 Pick 8","United States"
1989,"Clyde Drexler","SG","6-7","210","Portland Trail Blazers","Western All-Star Coaches Selection","1983 Rnd 1 Pick 14","United States"
1989,"A.C. Green","PF","6-9","220","Los Angeles Lakers","Western All-Star Fan Vote Selection","1985 Rnd 1 Pick 23","United States"
1989,"Kevin Johnson","PG","6-1","180","Phoenix Suns","Western All-Star Coaches Selection","1987 Rnd 1 Pick 7","United States"
1989,"Magic Johnson","PG","6-9","255","Los Angeles Lakers","Western All-Star Fan Vote Selection","1979 Rnd 1 Pick 1","United States"
1989,"Fat Lever","PG","6-3","170","Denver Nuggets","Western All-Star Coaches Selection","1982 Rnd 1 Pick 11","United States"
1989,"Karl Malone","PF","6-9","265","Utah Jazz","Western All-Star Coaches Selection","1985 Rnd 1 Pick 13","United States"
1989,"Chris Mullin","SF","6-7","215","Golden State Warriors","Western All-Star Coaches Selection","1985 Rnd 1 Pick 7","United States"
1989,"Hakeem Olajuwon","C","7-0","255","Houston Rockets","Western All-Star Fan Vote Selection","1984 Rnd 1 Pick 1","NigeriaUnited States"
1989,"David Robinson","C","7-1","250","San Antonio Spurs","Western All-Star Coaches Selection","1987 Rnd 1 Pick 1","United States"
1989,"John Stockton","PG","6-1","170","Utah Jazz","Western All-Star Fan Vote Selection","1984 Rnd 1 Pick 16","United States"
1989,"James Worthy","SF","6-9","225","Los Angeles Lakers","Western All-Star Fan Vote Selection","1982 Rnd 1 Pick 1","United States"
1990,"Charles Barkley","PF","6-6","252","Philadelphia Sixers","Eastern All-Star Fan Vote Selection","1984 Rnd 1 Pick 5","United States"
1990,"Larry Bird","SF","6-9","220","Boston Celtics","Eastern All-Star Fan Vote Selection","1978 Rnd 1 Pick 6","United States"
1990,"Brad Daugherty","C","7-0","245","Cleveland Cavaliers","Eastern All-Star Coaches Selection","1986 Rnd 1 Pick 1","United States"
1990,"Joe Dumars","SG","6-3","190","Detroit Pistons","Eastern All-Star Coaches Selection","1985 Rnd 1 Pick 18","United States"
1990,"Patrick Ewing","C","7-0","240","New York Knicks","Eastern All-Star Fan Vote Selection","1985 Rnd 1 Pick 1","United StatesJamaica"
1990,"Hersey Hawkins","SG","6-3","190","Philadelphia Sixers","Eastern All-Star Replacement Selection","1988 Rnd 1 Pick 6","United States"
1990,"Michael Jordan","SG","6-6","215","Chicago Bulls","Eastern All-Star Fan Vote Selection","1984 Rnd 1 Pick 3","United States"
1990,"Bernard King","SF","6-7","205","Washington Bullets","Eastern All-Star Coaches Selection","1977 Rnd 1 Pick 7","United States"
1990,"Kevin McHale","PF","6-10","210","Boston Celtics","Eastern All-Star Coaches Selection","1980 Rnd 1 Pick 3","United States"
1990,"Robert Parish","C","7-0","230","Boston Celtics","Eastern All-Star Coaches Selection","1976 Rnd 1 Pick 8","United States"
1990,"Ricky Pierce","SG","6-4","205","Milwaukee Bucks","Eastern All-Star Coaches Selection","1982 Rnd 1 Pick 18","United States"
1990,"Alvin Robertson","SG","6-3","185","Milwaukee Bucks","Eastern All-Star Coaches Selection","1984 Rnd 1 Pick 7","United States"
1990,"Isiah Thomas","PG","6-1","180","Detroit Pistons","Eastern All-Star Fan Vote Selection","1981 Rnd 1 Pick 2","United States"
1990,"Dominique Wilkins","SF","6-7","200","Atlanta Hawks","Eastern All-Star Coaches Selection","1982 Rnd 1 Pick 3","United States"
1990,"Tom Chambers","PF","6-10","220","Phoenix Suns","Western All-Star Coaches Selection","1981 Rnd 1 Pick 8","United States"
1990,"Clyde Drexler","SG","6-7","210","Portland Trail Blazers","Western All-Star Coaches Selection","1983 Rnd 1 Pick 14","United States"
1990,"Kevin Duckworth","C","7-0","275","Portland Trail Blazers","Western All-Star Coaches Selection","1986 Rnd 2 Pick 9","United States"
1990,"Tim Hardaway","PG","6-0","175","Golden State Warriors","Western All-Star Coaches Selection","1989 Rnd 1 Pick 14","United States"
1990,"Kevin Johnson","PG","6-1","180","Phoenix Suns","Western All-Star Fan Vote Selection","1987 Rnd 1 Pick 7","United States"
1990,"Magic Johnson","PG","6-9","255","Los Angeles Lakers","Western All-Star Fan Vote Selection","1979 Rnd 1 Pick 1","United States"
1990,"Karl Malone","PF","6-9","265","Utah Jazz","Western All-Star Fan Vote Selection","1985 Rnd 1 Pick 13","United States"
1990,"Chris Mullin","SF","6-7","215","Golden State Warriors","Western All-Star Fan Vote Selection","1985 Rnd 1 Pick 7","United States"
1990,"Terry Porter","PG","6-3","195","Portland Trail Blazers","Western All-Star Coaches Selection","1985 Rnd 1 Pick 24","United States"
1990,"David Robinson","C","7-1","250","San Antonio Spurs","Western All-Star Fan Vote Selection","1987 Rnd 1 Pick 1","United States"
1990,"John Stockton","PG","6-1","170","Utah Jazz","Western All-Star Coaches Selection","1984 Rnd 1 Pick 16","United States"
1990,"James Worthy","SF","6-9","225","Los Angeles Lakers","Western All-Star Coaches Selection","1982 Rnd 1 Pick 1","United States"
1991,"Michael Adams","PG","5-10","163","Washington Bullets","Eastern All-Star Replacement Selection","1985 Rnd 3 Pick 19","United States"
1991,"Charles Barkley","PF","6-6","252","Philadelphia Sixers","Eastern All-Star Fan Vote Selection","1984 Rnd 1 Pick 5","United States"
1991,"Larry Bird","SF","6-9","220","Boston Celtics","Eastern All-Star Fan Vote Selection","1978 Rnd 1 Pick 6","United States"
1991,"Brad Daugherty","C","7-0","245","Cleveland Cavaliers","Eastern All-Star Coaches Selection","1986 Rnd 1 Pick 1","United States"
1991,"Joe Dumars","SG","6-3","190","Detroit Pistons","Eastern All-Star Coaches Selection","1985 Rnd 1 Pick 18","United States"
1991,"Patrick Ewing","C","7-0","240","New York Knicks","Eastern All-Star Fan Vote Selection","1985 Rnd 1 Pick 1","United StatesJamaica"
1991,"Michael Jordan","SG","6-6","215","Chicago Bulls","Eastern All-Star Fan Vote Selection","1984 Rnd 1 Pick 3","United States"
1991,"Reggie Lewis","SF","6-7","195","Boston Celtics","Eastern All-Star Coaches Selection","1987 Rnd 1 Pick 22","United States"
1991,"Scottie Pippen","SF","6-8","228","Chicago Bulls","Eastern All-Star Coaches Selection","1987 Rnd 1 Pick 5","United States"
1991,"Mark Price","PG","6-0","170","Cleveland Cavaliers","Eastern All-Star Coaches Selection","1986 Rnd 2 Pick 1","United States"
1991,"Dennis Rodman","PF","6-7","210","Detroit Pistons","Eastern All-Star Coaches Selection","1986 Rnd 2 Pick 3","United States"
1991,"Isiah Thomas","PG","6-1","180","Detroit Pistons","Eastern All-Star Fan Vote Selection","1981 Rnd 1 Pick 2","United States"
1991,"Dominique Wilkins","SF","6-7","200","Atlanta Hawks","Eastern All-Star Coaches Selection","1982 Rnd 1 Pick 3","United States"
1991,"Kevin Willis","C","7-0","245","Atlanta Hawks","Eastern All-Star Replacement Selection","1984 Rnd 1 Pick 11","United States"
1991,"Clyde Drexler","SG","6-7","210","Portland Trail Blazers","Western All-Star Fan Vote Selection","1983 Rnd 1 Pick 14","United States"
1991,"Tim Hardaway","PG","6-0","175","Golden State Warriors","Western All-Star Coaches Selection","1989 Rnd 1 Pick 14","United States"
1991,"Jeff Hornacek","SG","6-3","190","Phoenix Suns","Western All-Star Coaches Selection","1986 Rnd 2 Pick 22","United States"
1991,"Magic Johnson","PG","6-9","255","Los Angeles Lakers","Western All-Star Fan Vote Selection","1979 Rnd 1 Pick 1","United States"
1991,"Dan Majerle","SG","6-6","215","Phoenix Suns","Western All-Star Coaches Selection","1988 Rnd 1 Pick 14","United States"
1991,"Karl Malone","PF","6-9","265","Utah Jazz","Western All-Star Fan Vote Selection","1985 Rnd 1 Pick 13","United States"
1991,"Chris Mullin","SF","6-7","215","Golden State Warriors","Western All-Star Fan Vote Selection","1985 Rnd 1 Pick 7","United States"
1991,"Dikembe Mutombo","C","7-2","260","Denver Nuggets","Western All-Star Coaches Selection","1991 Rnd 1 Pick 4","Democratic Republic of the Congo"
1991,"Hakeem Olajuwon","C","7-0","255","Houston Rockets","Western All-Star Coaches Selection","1984 Rnd 1 Pick 1","NigeriaUnited States"
1991,"David Robinson","C","7-1","250","San Antonio Spurs","Western All-Star Fan Vote Selection","1987 Rnd 1 Pick 1","United States"
1991,"John Stockton","PG","6-1","170","Utah Jazz","Western All-Star Coaches Selection","1984 Rnd 1 Pick 16","United States"
1991,"Otis Thorpe","PF","6-9","225","Houston Rockets","Western All-Star Coaches Selection","1984 Rnd 1 Pick 9","United States"
1991,"James Worthy","SF","6-9","225","Los Angeles Lakers","Western All-Star Coaches Selection","1982 Rnd 1 Pick 1","United States"
1992,"Charles Barkley","PF","6-6","252","Phoenix Suns","Western All-Star Fan Vote Selection","1984 Rnd 1 Pick 5","United States"
1992,"Clyde Drexler","SG","6-7","210","Portland Trail Blazers","Western All-Star Fan Vote Selection","1983 Rnd 1 Pick 14","United States"
1992,"Sean Elliott","SF","6-8","205","San Antonio Spurs","Western All-Star Coaches Selection","1989 Rnd 1 Pick 3","United States"
1992,"Tim Hardaway","PG","6-0","175","Golden State Warriors","Western All-Star Coaches Selection","1989 Rnd 1 Pick 14","United States"
1992,"Shawn Kemp","C","6-10","280","Seattle SuperSonics","Western All-Star Coaches Selection","1989 Rnd 1 Pick 17","United States"
1992,"Dan Majerle","SG","6-6","215","Phoenix Suns","Western All-Star Coaches Selection","1988 Rnd 1 Pick 14","United States"
1992,"Karl Malone","PF","6-9","265","Utah Jazz","Western All-Star Fan Vote Selection","1985 Rnd 1 Pick 13","United States"
1992,"Danny Manning","F","6-10","230","Los Angeles Clippers","Western All-Star Coaches Selection","1988 Rnd 1 Pick 1","United States"
1992,"Chris Mullin","SF","6-7","215","Golden State Warriors","Western All-Star Coaches Selection","1985 Rnd 1 Pick 7","United States"
1992,"Hakeem Olajuwon","C","7-0","255","Houston Rockets","Western All-Star Coaches Selection","1984 Rnd 1 Pick 1","NigeriaUnited States"
1992,"Terry Porter","PG","6-3","195","Portland Trail Blazers","Western All-Star Replacement Selection","1985 Rnd 1 Pick 24","United States"
1992,"Mitch Richmond","SG","6-5","215","Sacramento Kings","Western All-Star Coaches Selection","1988 Rnd 1 Pick 5","United States"
1992,"David Robinson","C","7-1","250","San Antonio Spurs","Western All-Star Fan Vote Selection","1987 Rnd 1 Pick 1","United States"
1992,"John Stockton","PG","6-1","170","Utah Jazz","Western All-Star Fan Vote Selection","1984 Rnd 1 Pick 16","United States"
1992,"Brad Daugherty","C","7-0","245","Cleveland Cavaliers","Eastern All-Star Coaches Selection","1986 Rnd 1 Pick 1","United States"
1992,"Joe Dumars","SG","6-3","190","Detroit Pistons","Eastern All-Star Coaches Selection","1985 Rnd 1 Pick 18","United States"
1992,"Patrick Ewing","C","7-0","240","New York Knicks","Eastern All-Star Coaches Selection","1985 Rnd 1 Pick 1","United StatesJamaica"
1992,"Larry Johnson","F","6-6","250","Charlotte Hornets","Eastern All-Star Fan Vote Selection","1991 Rnd 1 Pick 1","United States"
1992,"Michael Jordan","SG","6-6","215","Chicago Bulls","Eastern All-Star Fan Vote Selection","1984 Rnd 1 Pick 3","United States"
1992,"Larry Nance","PF","6-10","205","Cleveland Cavaliers","Eastern All-Star Coaches Selection","1981 Rnd 1 Pick 20","United States"
1992,"Shaquille O'Neal","C","7-1","325","Orlando Magic","Eastern All-Star Fan Vote Selection","1992 Rnd 1 Pick 1","United States"
1992,"Scottie Pippen","SF","6-8","228","Chicago Bulls","Eastern All-Star Fan Vote Selection","1987 Rnd 1 Pick 5","United States"
1992,"Mark Price","PG","6-0","170","Cleveland Cavaliers","Eastern All-Star Coaches Selection","1986 Rnd 2 Pick 1","United States"
1992,"Detlef Schrempf","SF","6-9","214","Indiana Pacers","Eastern All-Star Coaches Selection","1985 Rnd 1 Pick 8","GermanyUnited States"
1992,"Isiah Thomas","PG","6-1","180","Detroit Pistons","Eastern All-Star Fan Vote Selection","1981 Rnd 1 Pick 2","United States"
1992,"Dominique Wilkins","SF","6-7","200","Atlanta Hawks","Eastern All-Star Coaches Selection","1982 Rnd 1 Pick 3","United States"
1993,"Charles Barkley","PF","6-6","252","Phoenix Suns","Western All-Star Fan Vote Selection","1984 Rnd 1 Pick 5","United States"
1993,"Clyde Drexler","SG","6-7","210","Portland Trail Blazers","Western All-Star Fan Vote Selection","1983 Rnd 1 Pick 14","United States"
1993,"Kevin Johnson","PG","6-1","180","Phoenix Suns","Western All-Star Coaches Selection","1987 Rnd 1 Pick 7","United States"
1993,"Shawn Kemp","C","6-10","280","Seattle SuperSonics","Western All-Star Fan Vote Selection","1989 Rnd 1 Pick 17","United States"
1993,"Karl Malone","PF","6-9","265","Utah Jazz","Western All-Star Coaches Selection","1985 Rnd 1 Pick 13","United States"
1993,"Danny Manning","F","6-10","230","Los Angeles Clippers","Western All-Star Coaches Selection","1988 Rnd 1 Pick 1","United States"
1993,"Hakeem Olajuwon","C","7-0","255","Houston Rockets","Western All-Star Fan Vote Selection","1984 Rnd 1 Pick 1","NigeriaUnited States"
1993,"Gary Payton","G","6-4","180","Seattle SuperSonics","Western All-Star Replacement Selection","1990 Rnd 1 Pick 2","United States"
1993,"Mitch Richmond","SG","6-5","215","Sacramento Kings","Western All-Star Fan Vote Selection","1988 Rnd 1 Pick 5","United States"
1993,"Cliff Robinson","PF","6-10","225","Portland Trail Blazers","Western All-Star Coaches Selection","1989 Rnd 2 Pick 9","United States"
1993,"David Robinson","C","7-1","250","San Antonio Spurs","Western All-Star Coaches Selection","1987 Rnd 1 Pick 1","United States"
1993,"Latrell Sprewell","SG","6-5","190","Golden State Warriors","Western All-Star Coaches Selection","1992 Rnd 1 Pick 24","United States"
1993,"John Stockton","PG","6-1","170","Utah Jazz","Western All-Star Coaches Selection","1984 Rnd 1 Pick 16","United States"
1993,"Kenny Anderson","PG","6-0","168","New Jersey Nets","Eastern All-Star Fan Vote Selection","1991 Rnd 1 Pick 2","United States"
1993,"B.J. Armstrong","G","6-2","175","Chicago Bulls","Eastern All-Star Fan Vote Selection","1989 Rnd 1 Pick 18","United States"
1993,"Mookie Blaylock","PG","6-1","190","Atlanta Hawks","Eastern All-Star Coaches Selection","1989 Rnd 1 Pick 12","United States"
1993,"Derrick Coleman","FC","6-10","230","New Jersey Nets","Eastern All-Star Fan Vote Selection","1990 Rnd 1 Pick 1","United States"
1993,"Patrick Ewing","C","7-0","240","New York Knicks","Eastern All-Star Coaches Selection","1985 Rnd 1 Pick 1","United StatesJamaica"
1993,"Horace Grant","PF","6-10","255","Chicago Bulls","Eastern All-Star Replacement Selection","1987 Rnd 1 Pick 10","United States"
1993,"Alonzo Mourning","C","6-10","240","Charlotte Hornets","Eastern All-Star Coaches Selection","1992 Rnd 1 Pick 2","United States"
1993,"Shaquille O'Neal","C","7-1","325","Orlando Magic","Eastern All-Star Fan Vote Selection","1992 Rnd 1 Pick 1","United States"
1993,"Charles Oakley","PF","6-8","225","New York Knicks","Eastern All-Star Coaches Selection","1985 Rnd 1 Pick 9","United States"
1993,"Scottie Pippen","SF","6-8","228","Chicago Bulls","Eastern All-Star Fan Vote Selection","1987 Rnd 1 Pick 5","United States"
1993,"Mark Price","PG","6-0","170","Cleveland Cavaliers","Eastern All-Star Coaches Selection","1986 Rnd 2 Pick 1","United States"
1993,"John Starks","SG","6-3","180","New York Knicks","Eastern All-Star Coaches Selection","1988 NBA Draft, Undrafted","United States"
1993,"Dominique Wilkins","SF","6-7","200","Atlanta Hawks","Eastern All-Star Coaches Selection","1982 Rnd 1 Pick 3","United States"
1994,"Charles Barkley","PF","6-6","252","Phoenix Suns","Western All-Star Fan Vote Selection","1984 Rnd 1 Pick 5","United States"
1994,"Cedric Ceballos","SF","6-6","190","Los Angeles Lakers","Western All-Star Coaches Selection","1990 Rnd 2 Pick 21","United States"
1994,"Shawn Kemp","C","6-10","280","Seattle SuperSonics","Western All-Star Fan Vote Selection","1989 Rnd 1 Pick 17","United States"
1994,"Dan Majerle","SG","6-6","215","Phoenix Suns","Western All-Star Fan Vote Selection","1988 Rnd 1 Pick 14","United States"
1994,"Karl Malone","PF","6-9","265","Utah Jazz","Western All-Star Coaches Selection","1985 Rnd 1 Pick 13","United States"
1994,"Dikembe Mutombo","C","7-2","260","Denver Nuggets","Western All-Star Replacement Selection","1991 Rnd 1 Pick 4","Democratic Republic of the Congo"
1994,"Hakeem Olajuwon","C","7-0","255","Houston Rockets","Western All-Star Fan Vote Selection","1984 Rnd 1 Pick 1","NigeriaUnited States"
1994,"Gary Payton","G","6-4","180","Seattle SuperSonics","Western All-Star Coaches Selection","1990 Rnd 1 Pick 2","United States"
1994,"Mitch Richmond","SG","6-5","215","Sacramento Kings","Western All-Star Coaches Selection","1988 Rnd 1 Pick 5","United States"
1994,"David Robinson","C","7-1","250","San Antonio Spurs","Western All-Star Coaches Selection","1987 Rnd 1 Pick 1","United States"
1994,"Detlef Schrempf","SF","6-9","214","Seattle SuperSonics","Western All-Star Coaches Selection","1985 Rnd 1 Pick 8","GermanyUnited States"
1994,"Latrell Sprewell","SG","6-5","190","Golden State Warriors","Western All-Star Fan Vote Selection","1992 Rnd 1 Pick 24","United States"
1994,"John Stockton","PG","6-1","170","Utah Jazz","Western All-Star Coaches Selection","1984 Rnd 1 Pick 16","United States"
1994,"Vin Baker","PF","6-11","240","Milwaukee Bucks","Eastern All-Star Coaches Selection","1993 Rnd 1 Pick 8","United States"
1994,"Dana Barros","PG","5-11","165","Philadelphia Sixers","Eastern All-Star Coaches Selection","1989 Rnd 1 Pick 16","United States"
1994,"Joe Dumars","SG","6-3","190","Detroit Pistons","Eastern All-Star Coaches Selection","1985 Rnd 1 Pick 18","United States"
1994,"Patrick Ewing","C","7-0","240","New York Knicks","Eastern All-Star Coaches Selection","1985 Rnd 1 Pick 1","United StatesJamaica"
1994,"Penny Hardaway","PG","6-7","195","Orlando Magic","Eastern All-Star Fan Vote Selection","1993 Rnd 1 Pick 3","United States"
1994,"Grant Hill","SF","6-8","225","Detroit Pistons","Eastern All-Star Fan Vote Selection","1994 Rnd 1 Pick 3","United States"
1994,"Tyrone Hill","PF","6-9","240","Cleveland Cavaliers","Eastern All-Star Coaches Selection","1990 Rnd 1 Pick 11","United States"
1994,"Larry Johnson","F","6-6","250","Charlotte Hornets","Eastern All-Star Coaches Selection","1991 Rnd 1 Pick 1","United States"
1994,"Reggie Miller","SG","6-7","185","Indiana Pacers","Eastern All-Star Fan Vote Selection","1987 Rnd 1 Pick 11","United States"
1994,"Alonzo Mourning","C","6-10","240","Charlotte Hornets","Eastern All-Star Coaches Selection","1992 Rnd 1 Pick 2","United States"
1994,"Shaquille O'Neal","C","7-1","325","Orlando Magic","Eastern All-Star Fan Vote Selection","1992 Rnd 1 Pick 1","United States"
1994,"Scottie Pippen","SF","6-8","228","Chicago Bulls","Eastern All-Star Fan Vote Selection","1987 Rnd 1 Pick 5","United States"
1995,"Charles Barkley","PF","6-6","252","Phoenix Suns","Western All-Star Fan Vote Selection","1984 Rnd 1 Pick 5","United States"
1995,"Clyde Drexler","SG","6-7","210","Houston Rockets","Western All-Star Fan Vote Selection","1983 Rnd 1 Pick 14","United States"
1995,"Sean Elliott","SF","6-8","205","San Antonio Spurs","Western All-Star Coaches Selection","1989 Rnd 1 Pick 3","United States"
1995,"Shawn Kemp","C","6-10","280","Seattle SuperSonics","Western All-Star Fan Vote Selection","1989 Rnd 1 Pick 17","United States"
1995,"Jason Kidd","PG","6-4","210","Dallas Mavericks","Western All-Star Fan Vote Selection","1994 Rnd 1 Pick 2","United States"
1995,"Karl Malone","PF","6-9","265","Utah Jazz","Western All-Star Coaches Selection","1985 Rnd 1 Pick 13","United States"
1995,"Dikembe Mutombo","C","7-2","260","Denver Nuggets","Western All-Star Coaches Selection","1991 Rnd 1 Pick 4","Democratic Republic of the Congo"
1995,"Hakeem Olajuwon","C","7-0","255","Houston Rockets","Western All-Star Fan Vote Selection","1984 Rnd 1 Pick 1","NigeriaUnited States"
1995,"Gary Payton","G","6-4","180","Seattle SuperSonics","Western All-Star Coaches Selection","1990 Rnd 1 Pick 2","United States"
1995,"Mitch Richmond","SG","6-5","215","Sacramento Kings","Western All-Star Coaches Selection","1988 Rnd 1 Pick 5","United States"
1995,"David Robinson","C","7-1","250","San Antonio Spurs","Western All-Star Coaches Selection","1987 Rnd 1 Pick 1","United States"
1995,"John Stockton","PG","6-1","170","Utah Jazz","Western All-Star Coaches Selection","1984 Rnd 1 Pick 16","United States"
1995,"Vin Baker","PF","6-11","240","Milwaukee Bucks","Eastern All-Star Coaches Selection","1993 Rnd 1 Pick 8","United States"
1995,"Terrell Brandon","PG","5-11","180","Cleveland Cavaliers","Eastern All-Star Coaches Selection","1991 Rnd 1 Pick 11","United States"
1995,"Patrick Ewing","C","7-0","240","New York Knicks","Eastern All-Star Coaches Selection","1985 Rnd 1 Pick 1","United StatesJamaica"
1995,"Penny Hardaway","PG","6-7","195","Orlando Magic","Eastern All-Star Fan Vote Selection","1993 Rnd 1 Pick 3","United States"
1995,"Grant Hill","SF","6-8","225","Detroit Pistons","Eastern All-Star Fan Vote Selection","1994 Rnd 1 Pick 3","United States"
1995,"Juwan Howard","PF","6-9","240","Washington Bullets","Eastern All-Star Coaches Selection","1994 Rnd 1 Pick 5","United States"
1995,"Michael Jordan","SG","6-6","215","Chicago Bulls","Eastern All-Star Fan Vote Selection","1984 Rnd 1 Pick 3","United States"
1995,"Reggie Miller","SG","6-7","185","Indiana Pacers","Eastern All-Star Coaches Selection","1987 Rnd 1 Pick 11","United States"
1995,"Alonzo Mourning","C","6-10","240","Miami Heat","Eastern All-Star Coaches Selection","1992 Rnd 1 Pick 2","United States"
1995,"Shaquille O'Neal","C","7-1","325","Orlando Magic","Eastern All-Star Fan Vote Selection","1992 Rnd 1 Pick 1","United States"
1995,"Scottie Pippen","SF","6-8","228","Chicago Bulls","Eastern All-Star Fan Vote Selection","1987 Rnd 1 Pick 5","United States"
1995,"Glen Rice","SF","6-8","228","Charlotte Hornets","Eastern All-Star Coaches Selection","1989 Rnd 1 Pick 4","United States"
1996,"Vin Baker","PF","6-11","240","Milwaukee Bucks","Eastern All-Star Coaches Selection","1993 Rnd 1 Pick 8","United States"
1996,"Terrell Brandon","PG","5-11","180","Cleveland Cavaliers","Eastern All-Star Coaches Selection","1991 Rnd 1 Pick 11","United States"
1996,"Joe Dumars","SG","6-3","190","Detroit Pistons","Eastern All-Star Replacement Selection","1985 Rnd 1 Pick 18","United States"
1996,"Patrick Ewing","C","7-0","240","New York Knicks","Eastern All-Star Fan Vote Selection","1985 Rnd 1 Pick 1","United StatesJamaica"
1996,"Penny Hardaway","PG","6-7","195","Orlando Magic","Eastern All-Star Fan Vote Selection","1993 Rnd 1 Pick 3","United States"
1996,"Tim Hardaway","PG","6-0","175","Miami Heat","Eastern All-Star Coaches Selection","1989 Rnd 1 Pick 14","United States"
1996,"Grant Hill","SF","6-8","225","Detroit Pistons","Eastern All-Star Fan Vote Selection","1994 Rnd 1 Pick 3","United States"
1996,"Michael Jordan","SG","6-6","215","Chicago Bulls","Eastern All-Star Fan Vote Selection","1984 Rnd 1 Pick 3","United States"
1996,"Christian Laettner","PF","6-11","245","Atlanta Hawks","Eastern All-Star Coaches Selection","1992 Rnd 1 Pick 3","United States"
1996,"Alonzo Mourning","C","6-10","240","Miami Heat","Eastern All-Star Coaches Selection","1992 Rnd 1 Pick 2","United States"
1996,"Dikembe Mutombo","C","7-2","260","Atlanta Hawks","Eastern All-Star Coaches Selection","1991 Rnd 1 Pick 4","Democratic Republic of the Congo"
1996,"Scottie Pippen","SF","6-8","228","Chicago Bulls","Eastern All-Star Fan Vote Selection","1987 Rnd 1 Pick 5","United States"
1996,"Glen Rice","SF","6-8","228","Charlotte Hornets","Eastern All-Star Coaches Selection","1989 Rnd 1 Pick 4","United States"
1996,"Chris Webber","F-C","6-9","245","Washington Bullets","Eastern All-Star Replacement Selection","1993 Rnd 1 Pick 1","United States"
1996,"Charles Barkley","PF","6-6","252","Houston Rockets","Western All-Star Fan Vote Selection","1984 Rnd 1 Pick 5","United States"
1996,"Clyde Drexler","SG","6-7","210","Houston Rockets","Western All-Star Coaches Selection","1983 Rnd 1 Pick 14","United States"
1996,"Kevin Garnett","PF","6-11","240","Minnesota Timberwolves","Western All-Star Replacement Selection","1995 Rnd 1 Pick 5","United States"
1996,"Chris Gatling","PF","6-10","220","Dallas Mavericks","Western All-Star Replacement Selection","1991 Rnd 1 Pick 16","United States"
1996,"Tom Gugliotta","PF","6-10","240","Minnesota Timberwolves","Western All-Star Coaches Selection","1992 Rnd 1 Pick 6","United States"
1996,"Eddie Jones","G-F","6-6","200","Los Angeles Lakers","Western All-Star Coaches Selection","1994 Rnd 1 Pick 10","United States"
1996,"Shawn Kemp","C","6-10","280","Seattle SuperSonics","Western All-Star Fan Vote Selection","1989 Rnd 1 Pick 17","United States"
1996,"Karl Malone","PF","6-9","265","Utah Jazz","Western All-Star Coaches Selection","1985 Rnd 1 Pick 13","United States"
1996,"Shaquille O'Neal","C","7-1","325","Los Angeles Lakers","Western All-Star Coaches Selection","1992 Rnd 1 Pick 1","United States"
1996,"Hakeem Olajuwon","C","7-0","255","Houston Rockets","Western All-Star Fan Vote Selection","1984 Rnd 1 Pick 1","NigeriaUnited States"
1996,"Gary Payton","G","6-4","180","Seattle SuperSonics","Western All-Star Fan Vote Selection","1990 Rnd 1 Pick 2","United States"
1996,"Mitch Richmond","SG","6-5","215","Sacramento Kings","Western All-Star Coaches Selection","1988 Rnd 1 Pick 5","United States"
1996,"Detlef Schrempf","SF","6-9","214","Seattle SuperSonics","Western All-Star Replacement Selection","1985 Rnd 1 Pick 8","GermanyUnited States"
1996,"Latrell Sprewell","SG","6-5","190","Golden State Warriors","Western All-Star Coaches Selection","1992 Rnd 1 Pick 24","United States"
1996,"John Stockton","PG","6-1","170","Utah Jazz","Western All-Star Fan Vote Selection","1984 Rnd 1 Pick 16","United States"
1997,"Penny Hardaway","PG","6-7","195","Orlando Magic","Eastern All-Star Fan Vote Selection","1993 Rnd 1 Pick 3","United States"
1997,"Tim Hardaway","PG","6-0","175","Miami Heat","Eastern All-Star Coaches Selection","1989 Rnd 1 Pick 14","United States"
1997,"Grant Hill","SF","6-8","225","Detroit Pistons","Eastern All-Star Fan Vote Selection","1994 Rnd 1 Pick 3","United States"
1997,"Michael Jordan","SG","6-6","215","Chicago Bulls","Eastern All-Star Fan Vote Selection","1984 Rnd 1 Pick 3","United States"
1997,"Shawn Kemp","C","6-10","280","Cleveland Cavaliers","Eastern All-Star Fan Vote Selection","1989 Rnd 1 Pick 17","United States"
1997,"Reggie Miller","SG","6-7","185","Indiana Pacers","Eastern All-Star Coaches Selection","1987 Rnd 1 Pick 11","United States"
1997,"Dikembe Mutombo","C","7-2","260","Atlanta Hawks","Eastern All-Star Fan Vote Selection","1991 Rnd 1 Pick 4","Democratic Republic of the Congo"
1997,"Glen Rice","SF","6-8","228","Charlotte Hornets","Eastern All-Star Coaches Selection","1989 Rnd 1 Pick 4","United States"
1997,"Steve Smith","SG","6-7","200","Atlanta Hawks","Eastern All-Star Coaches Selection","1991 Rnd 1 Pick 5","United States"
1997,"Rik Smits","C","7-4","250","Indiana Pacers","Eastern All-Star Coaches Selection","1988 Rnd 1 Pick 2","Netherlands"
1997,"Antoine Walker","F","6-9","265","Boston Celtics","Eastern All-Star Coaches Selection","1996 Rnd 1 Pick 6","United States"
1997,"Jayson Williams","FC","6-10","245","New Jersey Nets","Eastern All-Star Coaches Selection","1990 Rnd 1 Pick 21","United States"
1997,"Vin Baker","PF","6-11","240","Seattle SuperSonics","Western All-Star Coaches Selection","1993 Rnd 1 Pick 8","United States"
1997,"Kobe Bryant","SG","6-6","212","Los Angeles Lakers","Western All-Star Fan Vote Selection","1996 Rnd 1 Pick 13","United States"
1997,"Tim Duncan","FC","6-11","250","San Antonio Spurs","Western All-Star Coaches Selection","1997 Rnd 1 Pick 1","United States"
1997,"Kevin Garnett","PF","6-11","240","Minnesota Timberwolves","Western All-Star Fan Vote Selection","1995 Rnd 1 Pick 5","United States"
1997,"Eddie Jones","G-F","6-6","200","Los Angeles Lakers","Western All-Star Coaches Selection","1994 Rnd 1 Pick 10","United States"
1997,"Jason Kidd","PG","6-4","210","Phoenix Suns","Western All-Star Coaches Selection","1994 Rnd 1 Pick 2","United States"
1997,"Karl Malone","PF","6-9","265","Utah Jazz","Western All-Star Fan Vote Selection","1985 Rnd 1 Pick 13","United States"
1997,"Shaquille O'Neal","C","7-1","325","Los Angeles Lakers","Western All-Star Fan Vote Selection","1992 Rnd 1 Pick 1","United States"
1997,"Gary Payton","G","6-4","180","Seattle SuperSonics","Western All-Star Fan Vote Selection","1990 Rnd 1 Pick 2","United States"
1997,"Mitch Richmond","SG","6-5","215","Sacramento Kings","Western All-Star Coaches Selection","1988 Rnd 1 Pick 5","United States"
1997,"David Robinson","C","7-1","250","San Antonio Spurs","Western All-Star Coaches Selection","1987 Rnd 1 Pick 1","United States"
1997,"Nick Van Exel","PG","6-1","170","Los Angeles Lakers","Western All-Star Coaches Selection","1993 Rnd 2 Pick 10","United States"
1998,"LaMarcus Aldridge","FC","6-11","260","San Antonio Spurs","Western All-Star Coaches Selection","2006 Rnd 1 Pick 2","United States"
1998,"Bradley Beal","SG","6-5","207","Washington Wizards","Eastern All-Star Coaches Selection","2012 Rnd 1 Pick 3","United States"
1998,"Anthony Davis","PF","6-10","253","New Orleans Pelicans","Western All-Star Coaches Selection","2012 Rnd 1 Pick 1","United States"
1998,"Kevin Durant","SF","6-9","240","Golden State Warriors","Western All-Star Fan Vote Selection","2007 Rnd 1 Pick 2","United States"
1998,"James Harden","SG","6-5","220","Houston Rockets","Western All-Star Fan Vote Selection","2009 Rnd 1 Pick 3","United States"
1998,"Kyrie Irving","G","6-3","193","Boston Celtics","Eastern All-Star Fan Vote Selection","2011 Rnd 1 Pick 1","United StatesAustralia"
1998,"LeBron James","F","6-8","250","Los Angeles Lakers","Western All-Star Fan Vote Selection","2003 Rnd 1 Pick 1","United States"
1998,"Kawhi Leonard","F","6-7","230","Toronto Raptors","Eastern All-Star Fan Vote Selection","2011 Rnd 1 Pick 15","United States"
1998,"Damian Lillard","G","6-3","195","Portland Trail Blazers","Western All-Star Coaches Selection","2012 Rnd 1 Pick 6","United States"
1998,"Ben Simmons","PF","6-10","230","Philadelphia Sixers","Eastern All-Star Coaches Selection","2016 Rnd 1 Pick 1","Australia"
1998,"Klay Thompson","G","6-7","215","Golden State Warriors","Western All-Star Coaches Selection","2011 Rnd 1 Pick 11","United States"
1998,"Karl-Anthony Towns","C","7-0","244","Minnesota Timberwolves","Western All-Star Coaches Selection","2015 Rnd 1 Pick 1","United StatesDominican Republic"
1998,"Dwyane Wade","SG","6-4","220","Miami Heat","Eastern All-Star Replacement Selection","2003 Rnd 1 Pick 5","United States"
1998,"Giannis Antetokounmpo","F","6-11","242","Milwaukee Bucks","Eastern All-Star Fan Vote Selection","2013 Rnd 1 Pick 15","GreeceNigeria"
1998,"Stephen Curry","G","6-3","190","Golden State Warriors","Western All-Star Fan Vote Selection","2009 Rnd 1 Pick 7","United States"
1998,"Joel Embiid","C","7-0","260","Philadelphia Sixers","Eastern All-Star Fan Vote Selection","2014 Rnd 1 Pick 3","Cameroon"
1998,"Paul George","GF","6-9","220","Oklahoma City Thunder","Western All-Star Fan Vote Selection","2010 Rnd 1 Pick 10","United States"
1998,"Blake Griffin","PF","6-10","250","Detroit Pistons","Eastern All-Star Coaches Selection","2009 Rnd 1 Pick 1","United States"
1998,"Nikola Jokic","C","7-0","250","Denver Nuggets","Western All-Star Coaches Selection","2014 Rnd 2 Pick 11","Serbia"
1998,"Kyle Lowry","PG","6-1","196","Toronto Raptors","Eastern All-Star Coaches Selection","2006 Rnd 1 Pick 24","United States"
1998,"Khris Middleton","SF","6-8","222","Milwaukee Bucks","Eastern All-Star Coaches Selection","2012 Rnd 2 Pick 9","United States"
1998,"Dirk Nowitzki","PF","7-0","245","Dallas Mavericks","Western All-Star Replacement Selection","1998 Rnd 1 Pick 9","Germany"
1998,"Victor Oladipo","G","6-4","210","Indiana Pacers","Eastern All-Star Coaches Selection","2013 Rnd 1 Pick 2","United States"
1998,"D'Angelo Russell","SG","6-5","198","Brooklyn Nets","Eastern All-Star Replacement Selection","2015 Rnd 1 Pick 2","United States"
1998,"Nikola Vucevic","PF","7-0","260","Orlando Magic","Eastern All-Star Coaches Selection","2011 Rnd 1 Pick 16","SwitzerlandMontenegro"
1998,"Kemba Walker","G","6-1","184","Charlotte Hornets","Eastern All-Star Fan Vote Selection","2011 Rnd 1 Pick 9","United States"
1998,"Russell Westbrook","G","6-3","200","Oklahoma City Thunder","Western All-Star Coaches Selection","2008 Rnd 1 Pick 4","United States"
1999,"Kobe Bryant","SG","6-6","212","Los Angeles Lakers","Western All-Star Fan Vote Selection","1996 Rnd 1 Pick 13","United States"
1999,"Tim Duncan","FC","6-11","250","San Antonio Spurs","Western All-Star Fan Vote Selection","1997 Rnd 1 Pick 1","United States"
1999,"Michael Finley","G-F","6-7","225","Dallas Mavericks","Western All-Star Coaches Selection","1995 Rnd 1 Pick 21","United States"
1999,"Kevin Garnett","PF","6-11","240","Minnesota Timberwolves","Western All-Star Fan Vote Selection","1995 Rnd 1 Pick 5","United States"
1999,"Jason Kidd","PG","6-4","210","Phoenix Suns","Western All-Star Fan Vote Selection","1994 Rnd 1 Pick 2","United States"
1999,"Karl Malone","PF","6-9","265","Utah Jazz","Western All-Star Coaches Selection","1985 Rnd 1 Pick 13","United States"
1999,"Shaquille O'Neal","C","7-1","325","Los Angeles Lakers","Western All-Star Fan Vote Selection","1992 Rnd 1 Pick 1","United States"
1999,"Gary Payton","G","6-4","180","Seattle SuperSonics","Western All-Star Coaches Selection","1990 Rnd 1 Pick 2","United States"
1999,"David Robinson","C","7-1","250","San Antonio Spurs","Western All-Star Coaches Selection","1987 Rnd 1 Pick 1","United States"
1999,"John Stockton","PG","6-1","170","Utah Jazz","Western All-Star Coaches Selection","1984 Rnd 1 Pick 16","United States"
1999,"Rasheed Wallace","FC","6-11","230","Portland Trail Blazers","Western All-Star Coaches Selection","1995 Rnd 1 Pick 4","United States"
1999,"Chris Webber","F-C","6-9","245","Sacramento Kings","Western All-Star Coaches Selection","1993 Rnd 1 Pick 1","United States"
1999,"Ray Allen","SG","6-5","205","Milwaukee Bucks","Eastern All-Star Coaches Selection","1996 Rnd 1 Pick 5","United States"
1999,"Vince Carter","SF","6-6","220","Toronto Raptors","Eastern All-Star Fan Vote Selection","1998 Rnd 1 Pick 5","United States"
1999,"Dale Davis","C-F","6-11","252","Indiana Pacers","Eastern All-Star Coaches Selection","1991 Rnd 1 Pick 13","United States"
1999,"Grant Hill","SF","6-8","225","Detroit Pistons","Eastern All-Star Fan Vote Selection","1994 Rnd 1 Pick 3","United States"
1999,"Allan Houston","G","6-6","205","New York Knicks","Eastern All-Star Coaches Selection","1993 Rnd 1 Pick 11","United States"
1999,"Allen Iverson","G","6-0","165","Philadelphia Sixers","Eastern All-Star Fan Vote Selection","1996 Rnd 1 Pick 1","United States"
1999,"Eddie Jones","G-F","6-6","200","Charlotte Hornets","Eastern All-Star Fan Vote Selection","1994 Rnd 1 Pick 10","United States"
1999,"Reggie Miller","SG","6-7","185","Indiana Pacers","Eastern All-Star Coaches Selection","1987 Rnd 1 Pick 11","United States"
1999,"Alonzo Mourning","C","6-10","240","Miami Heat","Eastern All-Star Fan Vote Selection","1992 Rnd 1 Pick 2","United States"
1999,"Dikembe Mutombo","C","7-2","260","Atlanta Hawks","Eastern All-Star Coaches Selection","1991 Rnd 1 Pick 4","Democratic Republic of the Congo"
1999,"Glenn Robinson","SF","6-7","225","Milwaukee Bucks","Eastern All-Star Coaches Selection","1994 Rnd 1 Pick 1","United States"
1999,"Jerry Stackhouse","SF","6-6","218","Detroit Pistons","Eastern All-Star Coaches Selection","1995 Rnd 1 Pick 3","United States"
2017,"Giannis Antetokounmpo","F","6-11","242","Milwaukee Bucks","Eastern All-Star Fan Vote Selection","2013 Rnd 1 Pick 15","GreeceNigeria"
2017,"Jimmy Butler","GF","6-8","236","Minnesota Timberwolves","Western All-Star Coaches Selection","2011 Rnd 1 Pick 30","United States"
2017,"Stephen Curry","G","6-3","190","Golden State Warriors","Western All-Star Fan Vote Selection","2009 Rnd 1 Pick 7","United States"
2017,"DeMar DeRozan","GF","6-7","220","Toronto Raptors","Eastern All-Star Fan Vote Selection","2009 Rnd 1 Pick 9","United States"
2017,"Joel Embiid","C","7-0","260","Philadelphia Sixers","Eastern All-Star Fan Vote Selection","2014 Rnd 1 Pick 3","Cameroon"
2017,"Draymond Green","F","6-7","230","Golden State Warriors","Western All-Star Coaches Selection","2012 Rnd 2 Pick 5","United States"
2017,"James Harden","SG","6-5","220","Houston Rockets","Western All-Star Fan Vote Selection","2009 Rnd 1 Pick 3","United States"
2017,"Al Horford","FC","6-10","245","Boston Celtics","Eastern All-Star Coaches Selection","2007 Rnd 1 Pick 3","Dominican RepublicUnited States"
2017,"Damian Lillard","G","6-3","195","Portland Trail Blazers","Western All-Star Coaches Selection","2012 Rnd 1 Pick 6","United States"
2017,"Kyle Lowry","PG","6-1","196","Toronto Raptors","Eastern All-Star Coaches Selection","2006 Rnd 1 Pick 24","United States"
2017,"Klay Thompson","G","6-7","215","Golden State Warriors","Western All-Star Coaches Selection","2011 Rnd 1 Pick 11","United States"
2017,"Karl-Anthony Towns","C","7-0","244","Minnesota Timberwolves","Western All-Star Coaches Selection","2015 Rnd 1 Pick 1","United StatesDominican Republic"
2017,"LaMarcus Aldridge","FC","6-11","260","San Antonio Spurs","Western All-Star Coaches Selection","2006 Rnd 1 Pick 2","United States"
2017,"Bradley Beal","SG","6-5","207","Washington Wizards","Eastern All-Star Coaches Selection","2012 Rnd 1 Pick 3","United States"
2017,"DeMarcus Cousins","C","6-11","270","New Orleans Pelicans","Western All-Star Fan Vote Selection","2010 Rnd 1 Pick 5","United States"
2017,"Anthony Davis","PF","6-10","253","New Orleans Pelicans","Western All-Star Fan Vote Selection","2012 Rnd 1 Pick 1","United States"
2017,"Goran Dragic","G","6-3","190","Miami Heat","Eastern All-Star Replacement Selection","2008 Rnd 2 Pick 15","Slovenia"
2017,"Andre Drummond","C","6-11","279","Detroit Pistons","Eastern All-Star Replacement Selection","2012 Rnd 1 Pick 9","United States"
2017,"Kevin Durant","SF","6-9","240","Golden State Warriors","Western All-Star Fan Vote Selection","2007 Rnd 1 Pick 2","United States"
2017,"Paul George","GF","6-9","220","Oklahoma City Thunder","Western All-Star Replacement Selection","2010 Rnd 1 Pick 10","United States"
2017,"Kyrie Irving","G","6-3","193","Boston Celtics","Eastern All-Star Fan Vote Selection","2011 Rnd 1 Pick 1","United StatesAustralia"
2017,"LeBron James","F","6-8","250","Cleveland Cavaliers","Eastern All-Star Fan Vote Selection","2003 Rnd 1 Pick 1","United States"
2017,"Kevin Love","FC","6-10","251","Cleveland Cavaliers","Eastern All-Star Coaches Selection","2008 Rnd 1 Pick 5","United States"
2017,"Victor Oladipo","G","6-4","210","Indiana Pacers","Eastern All-Star Coaches Selection","2013 Rnd 1 Pick 2","United States"
2017,"Kristaps Porzingis","FC","7-3","240","New York Knicks","Eastern All-Star Coaches Selection","2015 Rnd 1 Pick 4","Latvia"
2017,"Kemba Walker","G","6-1","184","Charlotte Hornets","Eastern All-Star Replacement Selection","2011 Rnd 1 Pick 9","United States"
2017,"John Wall","PG","6-4","210","Washington Wizards","Eastern All-Star Coaches Selection","2010 Rnd 1 Pick 1","United States"
2017,"Russell Westbrook","G","6-3","200","Oklahoma City Thunder","Western All-Star Coaches Selection","2008 Rnd 1 Pick 4","United States"
