Season,Year,Name,Position
2018-19,2019,Giannis Antetokounmpo,F
2018-19,2019,Paul George,F
2018-19,2019,Nikola Jokić,C
2018-19,2019,James Harden,G
2018-19,2019,Stephen Curry,G
2018-19,2019,Kevin Durant,F
2018-19,2019,Kawhi Leonard,F
2018-19,2019,Joel Embiid,C
2018-19,2019,Damian Lillard,G
2018-19,2019,Kyrie Irving,G
2018-19,2019,Blake Griffin,F
2018-19,2019,LeBron James,F
2018-19,2019,Rudy Gobert,C
2018-19,2019,Russell Westbrook,G
2018-19,2019,Kemba Walker,G
2017-18,2018,LeBron James,F
2017-18,2018,Kevin Durant,F
2017-18,2018,Anthony Davis,C
2017-18,2018,James Harden,G
2017-18,2018,Damian Lillard,G
2017-18,2018,LaMarcus Aldridge,F
2017-18,2018,Giannis Antetokounmpo,F
2017-18,2018,Joel Embiid,C
2017-18,2018,DeMar DeRozan,G
2017-18,2018,Russell Westbrook,G
2017-18,2018,Paul George,F
2017-18,2018,Jimmy Butler,F
2017-18,2018,Karl-Anthony Towns,C
2017-18,2018,Stephen Curry,G
2017-18,2018,Victor Oladipo,G
2016-17,2017,LeBron James,F
2016-17,2017,Kawhi Leonard,F
2016-17,2017,Anthony Davis,C
2016-17,2017,James Harden,G
2016-17,2017,Russell Westbrook,G
2016-17,2017,Giannis Antetokounmpo,F
2016-17,2017,Kevin Durant,F
2016-17,2017,Rudy Gobert,C
2016-17,2017,Stephen Curry,G
2016-17,2017,Isaiah Thomas,G
2016-17,2017,Draymond Green,F
2016-17,2017,Jimmy Butler,F
2016-17,2017,DeAndre Jordan,C
2016-17,2017,John Wall,G
2016-17,2017,DeMar DeRozan,G
2015-16,2016,LeBron James,F
2015-16,2016,Kawhi Leonard,F
2015-16,2016,DeAndre Jordan,C
2015-16,2016,Stephen Curry,G
2015-16,2016,Russell Westbrook,G
2015-16,2016,Kevin Durant,F
2015-16,2016,Draymond Green,F
2015-16,2016,DeMarcus Cousins,C
2015-16,2016,Chris Paul,G
2015-16,2016,Damian Lillard,G
2015-16,2016,Paul George,F
2015-16,2016,LaMarcus Aldridge,F
2015-16,2016,Andre Drummond,C
2015-16,2016,Klay Thompson,G
2015-16,2016,Kyle Lowry,G
2014-15,2015,LeBron James,F
2014-15,2015,Anthony Davis,F
2014-15,2015,Marc Gasol,C
2014-15,2015,Stephen Curry,G
2014-15,2015,James Harden,G
2014-15,2015,LaMarcus Aldridge,F
2014-15,2015,DeMarcus Cousins,F
2014-15,2015,Pau Gasol,C
2014-15,2015,Russell Westbrook,G
2014-15,2015,Chris Paul,G
2014-15,2015,Blake Griffin,F
2014-15,2015,Tim Duncan,F
2014-15,2015,DeAndre Jordan,C
2014-15,2015,Klay Thompson,G
2014-15,2015,Kyrie Irving,G
2013-14,2014,Kevin Durant,F
2013-14,2014,LeBron James,F
2013-14,2014,Joakim Noah,C
2013-14,2014,James Harden,G
2013-14,2014,Chris Paul,G
2013-14,2014,Blake Griffin,F
2013-14,2014,Kevin Love,F
2013-14,2014,Dwight Howard,C
2013-14,2014,Stephen Curry,G
2013-14,2014,Tony Parker,G
2013-14,2014,Paul George,F
2013-14,2014,LaMarcus Aldridge,F
2013-14,2014,Al Jefferson,C
2013-14,2014,Goran Dragic,G
2013-14,2014,Damian Lillard,G
2012-13,2013,LeBron James,F
2012-13,2013,Kevin Durant,F
2012-13,2013,Tim Duncan,C
2012-13,2013,Kobe Bryant,G
2012-13,2013,Chris Paul,G
2012-13,2013,Carmelo Anthony,F
2012-13,2013,Blake Griffin,F
2012-13,2013,Marc Gasol,C
2012-13,2013,Tony Parker,G
2012-13,2013,Russell Westbrook,G
2012-13,2013,David Lee,F
2012-13,2013,Paul George,F
2012-13,2013,Dwight Howard,C
2012-13,2013,Dwyane Wade,G
2012-13,2013,James Harden,G
2011-12,2012,Kevin Durant,F
2011-12,2012,LeBron James,F
2011-12,2012,Dwight Howard,C
2011-12,2012,Kobe Bryant,G
2011-12,2012,Derrick Rose,G
2011-12,2012,Kevin Love,F
2011-12,2012,Blake Griffin,F
2011-12,2012,Andrew Bynum,C
2011-12,2012,Tony Parker,G
2011-12,2012,Russell Westbrook,G
2011-12,2012,Carmelo Anthony,F
2011-12,2012,Dirk Nowitzki,F
2011-12,2012,Tyson Chandler,C
2011-12,2012,Dwyane Wade,G
2011-12,2012,Rajon Rondo,G
2010-11,2011,Kevin Durant,F
2010-11,2011,LeBron James,F
2010-11,2011,Dwight Howard,C
2010-11,2011,Kobe Bryant,G
2010-11,2011,Derrick Rose,G
2010-11,2011,Pau Gasol,F
2010-11,2011,Dirk Nowitzki,F
2010-11,2011,Amar'e Stoudemire,C
2010-11,2011,Dwyane Wade,G
2010-11,2011,Russell Westbrook,G
2010-11,2011,LaMarcus Aldridge,F
2010-11,2011,Zach Randolph,F
2010-11,2011,Al Horford,C
2010-11,2011,Manu Ginobili,G
2010-11,2011,Chris Paul,G
2009-10,2010,Kevin Durant ,F
2009-10,2010,LeBron James ,F
2009-10,2010,Dwight Howard ,C
2009-10,2010,Kobe Bryant ,G
2009-10,2010,Dwyane Wade,G
2009-10,2010,Carmelo Anthony ,F
2009-10,2010,Dirk Nowitzki ,F
2009-10,2010,Amar'e Stoudemire ,C
2009-10,2010,Steve Nash ,G
2009-10,2010,Deron Williams,G
2009-10,2010,Tim Duncan ,F
2009-10,2010,Pau Gasol ,F
2009-10,2010,Andrew Bogut ,C
2009-10,2010,Joe Johnson ,G
2009-10,2010,Brandon Roy,G
2008-09,2009,Dirk Nowitzki ,F
2008-09,2009,LeBron James ,F
2008-09,2009,Dwight Howard ,C
2008-09,2009,Kobe Bryant ,G
2008-09,2009,Dwyane Wade,G
2008-09,2009,Tim Duncan ,F
2008-09,2009,Paul Pierce ,F
2008-09,2009,Yao Ming ,C
2008-09,2009,Chris Paul ,G
2008-09,2009,Brandon Roy,G
2008-09,2009,Carmelo Anthony ,F
2008-09,2009,Pau Gasol ,F
2008-09,2009,Shaquille O'Neal ,C
2008-09,2009,Chauncey Billups ,G
2008-09,2009,Tony Parker,G
2007-08,2008,Kevin Garnett ,F
2007-08,2008,LeBron James ,F
2007-08,2008,Dwight Howard ,C
2007-08,2008,Kobe Bryant ,G
2007-08,2008,Chris Paul,G
2007-08,2008,Tim Duncan ,F
2007-08,2008,Dirk Nowitzki ,F
2007-08,2008,Amar'e Stoudemire ,C
2007-08,2008,Steve Nash ,G
2007-08,2008,Deron Williams,G
2007-08,2008,Carlos Boozer ,F
2007-08,2008,Paul Pierce ,F
2007-08,2008,Yao Ming ,C
2007-08,2008,Manu Ginobili ,G
2007-08,2008,Tracy McGrady,G
2006-07,2007,Tim Duncan ,F
2006-07,2007,Dirk Nowitzki ,F
2006-07,2007,Amar'e Stoudemire ,C
2006-07,2007,Kobe Bryant ,G
2006-07,2007,Steve Nash,G
2006-07,2007,Chris Bosh ,F
2006-07,2007,LeBron James ,F
2006-07,2007,Yao Ming ,C
2006-07,2007,Gilbert Arenas ,G
2006-07,2007,Tracy McGrady,G
2006-07,2007,Carmelo Anthony ,F
2006-07,2007,Kevin Garnett ,F
2006-07,2007,Dwight Howard ,C
2006-07,2007,Chauncey Billups ,G
2006-07,2007,Dwyane Wade,G
2005-06,2006,LeBron James ,F
2005-06,2006,Dirk Nowitzki ,F
2005-06,2006,Shaquille O'Neal ,C
2005-06,2006,Kobe Bryant ,G
2005-06,2006,Steve Nash,G
2005-06,2006,Elton Brand ,F
2005-06,2006,Tim Duncan ,F
2005-06,2006,Ben Wallace ,C
2005-06,2006,Chauncey Billups ,G
2005-06,2006,Dwyane Wade,G
2005-06,2006,Carmelo anthony ,F
2005-06,2006,Kevin Garnett ,F
2005-06,2006,Yao Ming ,C
2005-06,2006,Gilbert Arenas ,G
2005-06,2006,Allen Iverson,G
2004-05,2005,Tim Duncan ,F
2004-05,2005,Dirk Nowitzki ,F
2004-05,2005,Shaquille O'Neal ,C
2004-05,2005,Allen Iverson ,G
2004-05,2005,Steve Nash,G
2004-05,2005,Kevin Garnett ,F
2004-05,2005,LeBron James ,F
2004-05,2005,Amar'e Stoudemire ,C
2004-05,2005,Ray Allen ,G
2004-05,2005,Dwyane Wade,G
2004-05,2005,Shawn Marion ,F
2004-05,2005,Tracy McGrady ,F
2004-05,2005,Ben Wallace ,C
2004-05,2005,Gilbert Arenas ,G
2004-05,2005,Kobe Bryant,G
2003-04,2004,Tim Duncan ,F
2003-04,2004,Kevin Garnett ,F
2003-04,2004,Shaquille O'Neal ,C
2003-04,2004,Kobe Bryant ,G
2003-04,2004,Jason Kidd,G
2003-04,2004,Tracy McGrady ,F
2003-04,2004,Peja Stojakovic ,F
2003-04,2004,Jermaine O'Neal ,F
2003-04,2004,Ben Wallace ,C
2003-04,2004,Sam Cassell,G
2003-04,2004,Ron Artest ,F
2003-04,2004,Dirk Nowitzki ,F
2003-04,2004,Yao Ming ,C
2003-04,2004,Baron Davis ,G
2003-04,2004,Michael Redd,G
2002-03,2003,Tim Duncan ,F
2002-03,2003,Kevin Garnett ,F
2002-03,2003,Shaquille O'Neal ,C
2002-03,2003,Kobe Bryant ,G
2002-03,2003,Tracy McGrady,G
2002-03,2003,Dirk Nowitzki ,F
2002-03,2003,Chris Webber ,F
2002-03,2003,Ben Wallace ,C
2002-03,2003,Allen Iverson ,G
2002-03,2003,Jason Kidd,G
2002-03,2003,Jamal Mashburn ,F
2002-03,2003,Paul Pierce ,F
2002-03,2003,Jermaine O'Neal ,C
2002-03,2003,Stephon Marbury ,G
2002-03,2003,Steve Nash,G
2001-02,2002,Tim Duncan ,F
2001-02,2002,Tracy McGrady ,F
2001-02,2002,Shaquille O'Neal ,C
2001-02,2002,Kobe Bryant ,G
2001-02,2002,Jason Kidd,G
2001-02,2002,Kevin Garnett ,F
2001-02,2002,Chris Webber ,F
2001-02,2002,Dirk Nowitzki ,C
2001-02,2002,Allen Iverson ,G
2001-02,2002,Gary Payton,G
2001-02,2002,Jermaine O'Neal ,F
2001-02,2002,Ben Wallace ,F
2001-02,2002,Dikembe Mutombo ,C
2001-02,2002,Steve Nash ,G
2001-02,2002,Paul Pierce,G
2000-01,2001,Tim Duncan ,F
2000-01,2001,Chris Webber ,F
2000-01,2001,Shaquille O'Neal ,C
2000-01,2001,Allen Iverson ,G
2000-01,2001,Jason Kidd,G
2000-01,2001,Kevin Garnett ,F
2000-01,2001,Vince Carter ,F
2000-01,2001,Dikembe Mutombo ,C
2000-01,2001,Kobe Bryant ,G
2000-01,2001,Tracy McGrady,G
2000-01,2001,Karl Malone ,F
2000-01,2001,Dirk Nowitzki ,F
2000-01,2001,David Robinson ,C
2000-01,2001,Ray Allen ,G
2000-01,2001,Gary Payton,G
1999-00,2000,Tim Duncan ,F
1999-00,2000,Kevin Garnett ,F
1999-00,2000,Shaquille O'Neal ,C
1999-00,2000,Gary Payton ,G
1999-00,2000,Jason Kidd,G
1999-00,2000,Grant Hill ,F
1999-00,2000,Karl Malone ,F
1999-00,2000,Alonzo Mourning ,C
1999-00,2000,Kobe Bryant ,G
1999-00,2000,Allen Iverson,G
1999-00,2000,Vince Carter ,F
1999-00,2000,Chris Webber ,F
1999-00,2000,David Robinson ,C
1999-00,2000,Eddie Jones ,G
1999-00,2000,Stephon Marbury,G
1998-99,1999,Tim Duncan ,F
1998-99,1999,Karl Malone ,F
1998-99,1999,Alonzo Mourning ,C
1998-99,1999,Allen Iverson ,G
1998-99,1999,Jason Kidd,G
1998-99,1999,Grant Hill ,F
1998-99,1999,Chris Webber ,F
1998-99,1999,Shaquille O'Neal ,C
1998-99,1999,Tim Hardaway ,G
1998-99,1999,Gary Payton,G
1998-99,1999,Kevin Garnett ,F
1998-99,1999,Antonio McDyess ,F
1998-99,1999,Hakeem Olajuwon ,C
1998-99,1999,Kobe Bryant ,G
1998-99,1999,John Stockton,G
1997-98,1998,Tim Duncan ,F
1997-98,1998,Karl Malone ,F
1997-98,1998,Shaquille O'Neal ,C
1997-98,1998,Michael Jordan ,G
1997-98,1998,Gary Payton,G
1997-98,1998,Grant Hill ,F
1997-98,1998,Vin Baker ,F
1997-98,1998,David Robinson ,C
1997-98,1998,Tim Hardaway ,G
1997-98,1998,Rod Strickland,G
1997-98,1998,Scottie Pippen ,F
1997-98,1998,Glen Rice ,F
1997-98,1998,Dikembe Mutombo ,C
1997-98,1998,Reggie Miller ,G
1997-98,1998,Mitch Richmond,G
1996-97,1997,Grant Hill ,F
1996-97,1997,Karl Malone ,F
1996-97,1997,Hakeem Olajuwon ,C
1996-97,1997,Michael Jordan ,G
1996-97,1997,Tim Hardaway,G
1996-97,1997,Scottie Pippen ,F
1996-97,1997,Glen Rice ,F
1996-97,1997,Patrick Ewing ,C
1996-97,1997,Gary Payton ,G
1996-97,1997,Mitch Richmond,G
1996-97,1997,Vin Baker ,F
1996-97,1997,Anthony Mason ,F
1996-97,1997,Shaquille O'Neal ,C
1996-97,1997,Anfernee Hardaway ,G
1996-97,1997,John Stockton,G
1995-96,1996,Scottie Pippen ,F
1995-96,1996,Karl Malone ,F
1995-96,1996,David Robinson ,C
1995-96,1996,Michael Jordan ,G
1995-96,1996,Anfernee Hardaway,G
1995-96,1996,Grant Hill ,F
1995-96,1996,Shawn Kemp ,F
1995-96,1996,Hakeem Olajuwon ,C
1995-96,1996,Gary Payton ,G
1995-96,1996,John Stockton,G
1995-96,1996,Charles Barkley ,F
1995-96,1996,Juwan Howard ,F
1995-96,1996,Shaquille O'Neal ,C
1995-96,1996,Reggie Miller ,G
1995-96,1996,Mitch Richmond,G
1994-95,1995,Scottie Pippen ,F
1994-95,1995,Karl Malone ,F
1994-95,1995,David Robinson ,C
1994-95,1995,John Stockton ,G
1994-95,1995,Anfernee Hardaway,G
1994-95,1995,Charles Barkley ,F
1994-95,1995,Shawn Kemp ,F
1994-95,1995,Shaquille O'Neal ,C
1994-95,1995,Gary Payton ,G
1994-95,1995,Mitch Richmond,G
1994-95,1995,Dennis Rodman ,F
1994-95,1995,Detlef Schrempf ,F
1994-95,1995,Hakeem Olajuwon ,C
1994-95,1995,Reggie Miller ,G
1994-95,1995,Clyde Drexler,G
1993-94,1994,Scottie Pippen ,F
1993-94,1994,Karl Malone ,F
1993-94,1994,Hakeem Olajuwon ,C
1993-94,1994,John Stockton ,G
1993-94,1994,Latrell Sprewell,G
1993-94,1994,Charles Barkley ,F
1993-94,1994,Shawn Kemp ,F
1993-94,1994,David Robinson ,C
1993-94,1994,Kevin Johnson ,G
1993-94,1994,Mitch Richmond,G
1993-94,1994,Derrick Coleman ,F
1993-94,1994,Dominique Wilkins ,F
1993-94,1994,Shaquille O'Neal ,C
1993-94,1994,Gary Payton ,G
1993-94,1994,Mark Price,G
1992-93,1993,Charles Barkley ,F
1992-93,1993,Karl Malone ,F
1992-93,1993,Hakeem Olajuwon ,C
1992-93,1993,Michael Jordan ,G
1992-93,1993,Mark Price,G
1992-93,1993,Larry Johnson ,F
1992-93,1993,Dominique Wilkins ,F
1992-93,1993,Patrick Ewing ,C
1992-93,1993,Joe Dumars ,G
1992-93,1993,John Stockton,G
1992-93,1993,Derrick Coleman ,F
1992-93,1993,Scottie Pippen ,F
1992-93,1993,David Robinson ,C
1992-93,1993,Tim Hardaway ,G
1992-93,1993,Drazen Petrovic,G
1991-92,1992,Chris Mullin ,F
1991-92,1992,Karl Malone ,F
1991-92,1992,David Robinson ,C
1991-92,1992,Michael Jordan ,G
1991-92,1992,Clyde Drexler,G
1991-92,1992,Charles Barkley ,F
1991-92,1992,Scottie Pippen ,F
1991-92,1992,Patrick Ewing ,C
1991-92,1992,Tim Hardaway ,G
1991-92,1992,John Stockton,G
1991-92,1992,Dennis Rodman ,F
1991-92,1992,Kevin Willis ,F
1991-92,1992,Brad Daugherty ,C
1991-92,1992,Kevin Johnson ,G
1991-92,1992,Mark Price,G
1990-91,1991,Charles Barkley ,F
1990-91,1991,Karl Malone ,F
1990-91,1991,David Robinson ,C
1990-91,1991,Michael Jordan ,G
1990-91,1991,Magic Johnson,G
1990-91,1991,Chris Mullin ,F
1990-91,1991,Dominique Wilkins ,F
1990-91,1991,Patrick Ewing ,C
1990-91,1991,Clyde Drexler ,G
1990-91,1991,Kevin Johnson,G
1990-91,1991,Bernard King ,F
1990-91,1991,James Worthy ,F
1990-91,1991,Hakeem Olajuwon ,C
1990-91,1991,Joe Dumars ,G
1990-91,1991,John Stockton,G
1989-90,1990,Charles Barkley ,F
1989-90,1990,Karl Malone ,F
1989-90,1990,Patrick Ewing ,C
1989-90,1990,Michael Jordan ,G
1989-90,1990,Magic Johnson,G
1989-90,1990,Larry Bird ,F
1989-90,1990,Tom Chambers ,F
1989-90,1990,Hakeem Olajuwon ,C
1989-90,1990,John Stockton ,G
1989-90,1990,Kevin Johnson,G
1989-90,1990,Chris Mullin ,F
1989-90,1990,James Worthy ,F
1989-90,1990,David Robinson ,C
1989-90,1990,Joe Dumars ,G
1989-90,1990,Clyde Drexler,G
1988-89,1989,Charles Barkley ,F
1988-89,1989,Karl Malone ,F
1988-89,1989,Hakeem Olajuwon ,C
1988-89,1989,Michael Jordan ,G
1988-89,1989,Magic Johnson,G
1988-89,1989,Chris Mullin ,F
1988-89,1989,Tom Chambers ,F
1988-89,1989,Patrick Ewing ,C
1988-89,1989,John Stockton ,G
1988-89,1989,Clyde Drexler,G
1988-89,1989,Terry Cummings ,F
1988-89,1989,Dominique Wilkins ,F
1988-89,1989,Robert Parish ,C
1988-89,1989,Dale Ellis ,G
1988-89,1989,Mark Price,G
1987-88,1988,Charles Barkley ,F
1987-88,1988,Larry Bird ,F
1987-88,1988,Hakeem Olajuwon ,C
1987-88,1988,Michael Jordan ,G
1987-88,1988,Magic Johnson,G
1987-88,1988,Karl Malone ,F
1987-88,1988,Dominique Wilkins ,F
1987-88,1988,Patrick Ewing ,C
1987-88,1988,John Stockton ,G
1987-88,1988,Clyde Drexler,G
1986-87,1987,Kevin McHale ,F
1986-87,1987,Larry Bird ,F
1986-87,1987,Hakeem Olajuwon ,C
1986-87,1987,Michael Jordan ,G
1986-87,1987,Magic Johnson,G
1986-87,1987,Charles Barkley ,F
1986-87,1987,Dominique Wilkins ,F
1986-87,1987,Moses Malone ,C
1986-87,1987,Fat Lever ,G
1986-87,1987,Isiah Thomas,G
1985-86,1986,Dominique Wilkins ,F
1985-86,1986,Larry Bird ,F
1985-86,1986,Kareem Abdul-Jabbar ,C
1985-86,1986,Isiah Thomas ,G
1985-86,1986,Magic Johnson,G
1985-86,1986,Charles Barkley ,F
1985-86,1986,Alex English ,F
1985-86,1986,Hakeem Olajuwon ,C
1985-86,1986,Sidney Moncrief ,G
1985-86,1986,Alvin Robertson,G
1984-85,1985,Benard King ,F
1984-85,1985,Larry Bird ,F
1984-85,1985,Moses Malone ,C
1984-85,1985,Isiah Thomas ,G
1984-85,1985,Magic Johnson,G
1984-85,1985,Terry Cummings ,F
1984-85,1985,Ralph Sampson ,F
1984-85,1985,Kareem Abdul-Jabbar ,C
1984-85,1985,Sidney Moncrief ,G
1984-85,1985,Michael Jordan,G
1983-84,1984,Bernard King ,F
1983-84,1984,Larry Bird ,F
1983-84,1984,Kareem Abdul-Jabbar ,C
1983-84,1984,Isiah Thomas ,G
1983-84,1984,Magic Johnson,G
1983-84,1984,Adrian Dantley ,F
1983-84,1984,Julius Erving ,F
1983-84,1984,Moses Malone ,C
1983-84,1984,Sidney Moncrief ,G
1983-84,1984,Jim Paxson,G
1982-83,1983,Julius Erving ,F
1982-83,1983,Larry Bird ,F
1982-83,1983,Moses Malone ,C
1982-83,1983,Sidney Moncrief ,G
1982-83,1983,Magic Johnson,G
1982-83,1983,Alex English ,F
1982-83,1983,Buck Williams ,F
1982-83,1983,Kareem Abdul-Jabbar ,C
1982-83,1983,George Gervin ,G
1982-83,1983,Isiah Thomas,G
1981-82,1982,Julius Erving ,F
1981-82,1982,Larry Bird ,F
1981-82,1982,Moses Malone ,C
1981-82,1982,George Gervin ,G
1981-82,1982,Gus Williams,G
1981-82,1982,Alex English ,F
1981-82,1982,Bernard King ,F
1981-82,1982,Robert Parish ,C
1981-82,1982,Sidney Moncrief ,G
1981-82,1982,Magic Johnson,G
1980-81,1981,Julius Erving ,F
1980-81,1981,Larry Bird ,F
1980-81,1981,Kareem Abdul-Jabbar ,C
1980-81,1981,George Gervin ,G
1980-81,1981,Dennis Johnson,G
1980-81,1981,Adrian Dantley ,F
1980-81,1981,Marques Johnson ,F
1980-81,1981,Moses Malone ,C
1980-81,1981,Tiny Archibald ,G
1980-81,1981,Otis Birdsong,G
1979-80,1980,Julius Erving ,F
1979-80,1980,Larry Bird ,F
1979-80,1980,Kareem Abdul-Jabbar ,C
1979-80,1980,George Gervin ,G
1979-80,1980,Paul Westphal,G
1979-80,1980,Dan Roundfield ,F
1979-80,1980,Marques Johnson ,F
1979-80,1980,Moses Malone ,C
1979-80,1980,Dennis Johnson ,G
1979-80,1980,Gus Williams,G
1978-79,1979,Elvin Hayes ,F
1978-79,1979,Marques Johnson ,F
1978-79,1979,Moses Malone ,C
1978-79,1979,George Gervin ,G
1978-79,1979,Paul Westphal,G
1978-79,1979,Bob Dandridge ,F
1978-79,1979,Walter Davis ,F
1978-79,1979,Kareem Abdul-Jabbar ,C
1978-79,1979,Phil Ford ,G
1978-79,1979,World B. Free,G
1977-78,1978,Julius Erving ,F
1977-78,1978,Truck Robinson ,F
1977-78,1978,Bill Walton ,C
1977-78,1978,George Gervin ,G
1977-78,1978,David Thompson,G
1977-78,1978,Maurice Lucas ,F
1977-78,1978,Walter Davis ,F
1977-78,1978,Kareem Abdul-Jabbar ,C
1977-78,1978,Pete Maravich ,G
1977-78,1978,Paul Westphal,G
1976-77,1977,Elvin Hayes ,F
1976-77,1977,David Thompson ,F
1976-77,1977,Kareem Abdul-Jabbar ,C
1976-77,1977,Pete Maravich ,G
1976-77,1977,Paul Westphal,G
1976-77,1977,Julius Erving ,F
1976-77,1977,George McGinnis ,F
1976-77,1977,Bill Walton ,C
1976-77,1977,George Gervin ,G
1976-77,1977,Jo Jo White,G
1975-76,1976,Rick Barry ,F
1975-76,1976,George McGinnis ,F
1975-76,1976,Kareem Abdul-Jabbar ,C
1975-76,1976,Pete Maravich ,G
1975-76,1976,Tiny Archibald,G
1975-76,1976,John Havlicek ,F
1975-76,1976,Elvin Hayes ,F
1975-76,1976,Dave Cowens ,C
1975-76,1976,Phil Smith ,G
1975-76,1976,Randy Smith,G
1974-75,1975,Rick Barry ,F
1974-75,1975,Elvin Hayes ,F
1974-75,1975,Bob McAdoo ,C
1974-75,1975,Tiny Archibald ,G
1974-75,1975,Walt Frazier,G
1974-75,1975,John Havlicek ,F
1974-75,1975,Spencer Haywood ,F
1974-75,1975,Dave Cowens ,C
1974-75,1975,Phil Chenier ,G
1974-75,1975,Jo Jo White,G
1973-74,1974,Rick Barry ,F
1973-74,1974,John Havlicek ,F
1973-74,1974,Kareem Abdul-Jabbar ,C
1973-74,1974,Gail Goodrich ,G
1973-74,1974,Walt Frazier,G
1973-74,1974,Elvin Hayes ,F
1973-74,1974,Spencer Haywood ,F
1973-74,1974,Bob McAdoo ,C
1973-74,1974,Dave Bing ,G
1973-74,1974,Norm Van Lier,G
1972-73,1973,Spencer Haywood ,F
1972-73,1973,John Havlicek ,F
1972-73,1973,Kareem Abdul-Jabbar ,C
1972-73,1973,Tiny Archibald ,G
1972-73,1973,Jerry West,G
1972-73,1973,Elvin Hayes ,F
1972-73,1973,Rick Barry ,F
1972-73,1973,Dave Cowens ,C
1972-73,1973,Walt Frazier ,G
1972-73,1973,Pete Maravich,G
1971-72,1972,Spencer Haywood ,F
1971-72,1972,John Havlicek ,F
1971-72,1972,Kareem Abdul-Jabbar ,C
1971-72,1972,Walt Frazier ,G
1971-72,1972,Jerry West,G
1971-72,1972,Billy Cunningham ,F
1971-72,1972,Bob Love ,F
1971-72,1972,Wilt Chamberlain ,C
1971-72,1972,Tiny Archibald ,G
1971-72,1972,Archie Clark,G
1970-71,1971,Billy Cunningham ,F
1970-71,1971,John Havlicek ,F
1970-71,1971,Kareem Abdul-Jabbar ,C
1970-71,1971,Dave Bing ,G
1970-71,1971,Jerry West,G
1970-71,1971,Gus Johnson ,F
1970-71,1971,Bob Love ,F
1970-71,1971,Willis Reed ,C
1970-71,1971,Walt Frazier ,G
1970-71,1971,Oscar Robertson,G
1969-70,1970,Billy Cunningham ,F
1969-70,1970,Connie Hawkins ,F
1969-70,1970,Willis Reed ,C
1969-70,1970,Walt Frazier ,G
1969-70,1970,Jerry West,G
1969-70,1970,Gus Johnson ,F
1969-70,1970,John Havlicek ,F
1969-70,1970,Kareem Abdul-Jabbar ,C
1969-70,1970,Lou Hudson ,G
1969-70,1970,Oscar Robertson,G
1968-69,1969,Billy Cunningham ,F
1968-69,1969,Elgin Baylor ,F
1968-69,1969,Wes Unseld ,C
1968-69,1969,Earl Monroe ,G
1968-69,1969,Oscar Robertson,G
1968-69,1969,Dave DeBusschere ,F
1968-69,1969,John Havlicek ,F
1968-69,1969,Willis Reed ,C
1968-69,1969,Hal Greer ,G
1968-69,1969,Jerry West,G
1967-68,1968,Jerry Lucas ,F
1967-68,1968,Elgin Baylor ,F
1967-68,1968,Wilt Chamberlain ,C
1967-68,1968,Dave Bing ,G
1967-68,1968,Oscar Robertson,G
1967-68,1968,Willis Reed ,F
1967-68,1968,John Havlicek ,F
1967-68,1968,Bill Russell ,C
1967-68,1968,Hal Greer ,G
1967-68,1968,Jerry West,G
1966-67,1967,Rick Barry ,F
1966-67,1967,Elgin Baylor ,F
1966-67,1967,Wilt Chamberlain ,C
1966-67,1967,Jerry West ,G
1966-67,1967,Oscar Robertson,G
1966-67,1967,Willis Reed ,F
1966-67,1967,Jerry Lucas ,F
1966-67,1967,Bill Russell ,C
1966-67,1967,Hal Greer ,G
1966-67,1967,Sam Jones,G
1965-66,1966,Rick Barry ,F
1965-66,1966,Jerry Lucas ,F
1965-66,1966,Wilt Chamberlain ,C
1965-66,1966,Jerry West ,G
1965-66,1966,Oscar Robertson,G
1965-66,1966,John Havlicek ,F
1965-66,1966,Gus Johnson ,F
1965-66,1966,Bill Russell ,C
1965-66,1966,Hal Greer ,G
1965-66,1966,Sam Jones,G
1964-65,1965,Elgin Baylor ,F
1964-65,1965,Jerry Lucas ,F
1964-65,1965,Bill Russell ,C
1964-65,1965,Jerry West ,G
1964-65,1965,Oscar Robertson,G
1964-65,1965,Bob Pettit ,F
1964-65,1965,Gus Johnsson ,F
1964-65,1965,Wilt Chamberlain ,C
1964-65,1965,Hal Greer ,G
1964-65,1965,Sam Jones,G
1963-64,1964,Elgin Baylor ,F
1963-64,1964,Bob Pettit ,F
1963-64,1964,Wilt Chamberlain ,C
1963-64,1964,Jerry West ,G
1963-64,1964,Oscar Robertson,G
1963-64,1964,Tom Heinsohn ,F
1963-64,1964,Jerry Lucas ,F
1963-64,1964,Bill Russell ,C
1963-64,1964,Hal Greer ,G
1963-64,1964,John Havlicek,G
1962-63,1963,Elgin Baylor ,F
1962-63,1963,Bob Pettit ,F
1962-63,1963,Bill Russell ,C
1962-63,1963,Jerry West ,G
1962-63,1963,Oscar Robertson,G
1962-63,1963,Tom Heinsohn ,F
1962-63,1963,Bailey Howell ,F
1962-63,1963,Wilt Chamberlain ,C
1962-63,1963,Hal Greer ,G
1962-63,1963,Bob Cousy,G
1961-62,1962,Elgin baylor ,F
1961-62,1962,Bob Pettit ,F
1961-62,1962,Wilt Chamberlain ,C
1961-62,1962,Jerry West ,G
1961-62,1962,Oscar Robertson,G
1961-62,1962,Tom Heinsohn ,F
1961-62,1962,Jack Twyman ,F
1961-62,1962,Bill Russell ,C
1961-62,1962,Richie Guerin ,G
1961-62,1962,Bob Cousy,G
1960-61,1961,Elgin Baylor ,F
1960-61,1961,Bob Pettit ,F
1960-61,1961,Wilt Chamberlain ,C
1960-61,1961,Bob Cousy ,G
1960-61,1961,Oscar Robertson,G
1960-61,1961,Tom Heinsohn ,F
1960-61,1961,Dolph Schayes ,F
1960-61,1961,Bill Russell ,C
1960-61,1961,Larry Costello ,G
1960-61,1961,Gene Shue,G
1959-60,1960,Elgin Baylor ,F
1959-60,1960,Bob Pettit ,F
1959-60,1960,Wilt Chamberlain ,C
1959-60,1960,Bob Cousy ,G
1959-60,1960,Gene Shue,G
1959-60,1960,Jack Twyman ,F
1959-60,1960,Dolph Schayes ,F
1959-60,1960,Bill Russell ,C
1959-60,1960,Richie Griffin ,G
1959-60,1960,Bill Sharman,G
1958-59,1959,Elgin Baylor ,F
1958-59,1959,Bob Pettit ,F
1958-59,1959,Bill Russell ,C
1958-59,1959,Bob Cousy ,G
1958-59,1959,Bill Sharman,G
1958-59,1959,Paul Arizin ,F
1958-59,1959,Cliff Hagan ,F
1958-59,1959,Dolph Schayes ,C
1958-59,1959,Richie Guerin ,G
1958-59,1959,Slater Martin,G
1957-58,1958,Dolph Schayes ,F
1957-58,1958,George Yardley ,F
1957-58,1958,Bob Pettit ,C
1957-58,1958,Bob Cousy ,G
1957-58,1958,Bill Sharman,G
1957-58,1958,Maurice Stokes ,F
1957-58,1958,Cliff Hagan ,F
1957-58,1958,Bill Russell ,C
1957-58,1958,Tom Gola ,G
1957-58,1958,Slater Martin,G
1956-57,1957,Dolph Schayes ,F
1956-57,1957,Paul Arizin ,F
1956-57,1957,Bob Pettit ,C
1956-57,1957,Bob Cousy ,G
1956-57,1957,Bill Sharman,G
1956-57,1957,Maurice Stokes ,F
1956-57,1957,George Yardley ,F
1956-57,1957,Neil Johnson ,C
1956-57,1957,Dick Garmaker ,G
1956-57,1957,Slater Martin,G
1955-56,1956,Bob Pettit ,F
1955-56,1956,Paul Arizin ,F
1955-56,1956,Neil Johnson ,C
1955-56,1956,Bob Cousy ,G
1955-56,1956,Bill Sharman,G
1955-56,1956,Maurice Stokes ,F
1955-56,1956,Dolph Schayes ,F
1955-56,1956,Clyde Lovellette ,C
1955-56,1956,Jack George ,G
1955-56,1956,Slater Martin,G
1954-55,1955,Bob Pettit ,NA
1954-55,1955,Dolph Schayes ,NA
1954-55,1955,Neil Johnson ,NA
1954-55,1955,Bob Cousy ,NA
1954-55,1955,Larry Foust,NA
1954-55,1955,Bill Sharman ,NA
1954-55,1955,Paul Seymour ,NA
1954-55,1955,Vern Mikkelsen ,NA
1954-55,1955,Harry Gallatin ,NA
1954-55,1955,Slater Martin,NA
1953-54,1954,George Mikan ,NA
1953-54,1954,Dolph Schayes ,NA
1953-54,1954,Neil Johnston ,NA
1953-54,1954,Bob Cousy ,NA
1953-54,1954,Harry Gallatin,NA
1953-54,1954,Carl Braun ,NA
1953-54,1954,Ed Macauley ,NA
1953-54,1954,Jim Pollard ,NA
1953-54,1954,Paul Seymour ,NA
1953-54,1954,Bobby Wanzer,NA
1952-53,1953,George Mikan ,NA
1952-53,1953,Dolph Schayes ,NA
1952-53,1953,Neil Johnston ,NA
1952-53,1953,Bob Cousy ,NA
1952-53,1953,Ed Macauley,NA
1952-53,1953,Bob Davies ,NA
1952-53,1953,Vern Mikkelsen ,NA
1952-53,1953,Andy Phillip ,NA
1952-53,1953,Bill Sharman ,NA
1952-53,1953,Bobby Wanzer,NA
1951-52,1952,George Mikan ,NA
1951-52,1952,Bob Cousy ,NA
1951-52,1952,Ed Macauley ,NA
1951-52,1952,Paul Arizin ,NA
1951-52,1952,Bob Davies (tie) ,NA
1951-52,1952,Dolph Schayes (tie),NA
1951-52,1952,Larry Foust ,NA
1951-52,1952,Vern Mikkelsen ,NA
1951-52,1952,Andy Phillip ,NA
1951-52,1952,Jim Pollard ,NA
1951-52,1952,Bobby Wanzer,NA
1950-51,1951,Ralph Beard ,NA
1950-51,1951,Bob Davies ,NA
1950-51,1951,Alex Groza ,NA
1950-51,1951,Ed Macauley ,NA
1950-51,1951,George Mikan,NA
1950-51,1951,Frankie Brian ,NA
1950-51,1951,Vern Mikkelsen ,NA
1950-51,1951,Joe Fulks ,NA
1950-51,1951,Dick McGuire ,NA
1950-51,1951,Dolph Schayes,NA
1949-50,1950,Max Zaslofsky ,NA
1949-50,1950,Bob Davies ,NA
1949-50,1950,Alex Groza ,NA
1949-50,1950,Jim Pollard ,NA
1949-50,1950,George Mikan,NA
1949-50,1950,Ralph Beard ,NA
1949-50,1950,Frankie Brian ,NA
1949-50,1950,Al Cervi ,NA
1949-50,1950,Fred Schaus ,NA
1949-50,1950,Dolph Schayes,NA
1948-49,1949,Max Zaslofsky ,NA
1948-49,1949,Bob Davies ,NA
1948-49,1949,Joe Fulks ,NA
1948-49,1949,Jim Pollard ,NA
1948-49,1949,George Mikan,NA
1948-49,1949,Bob Feerick ,NA
1948-49,1949,John Logan ,NA
1948-49,1949,Bones McKinney ,NA
1948-49,1949,Arnie Risen ,NA
1948-49,1949,Kenny Sailors,NA
1947-48,1948,Max Zaslofsky ,NA
1947-48,1948,Howie Dallmar ,NA
1947-48,1948,Joe Fulks ,NA
1947-48,1948,Bob Feerick ,NA
1947-48,1948,Ed Sadowski,NA
1947-48,1948,Carl Braun ,NA
1947-48,1948,Buddy Jeannette ,NA
1947-48,1948,John Logan ,NA
1947-48,1948,Stan Miasek ,NA
1947-48,1948,Fred Scolari,NA
1946-47,1947,Max Zaslofsky ,NA
1946-47,1947,Bones McKinney ,NA
1946-47,1947,Joe Fulks ,NA
1946-47,1947,Bob Feerick ,NA
1946-47,1947,Stan Miasek,NA
1946-47,1947,Frankie Baumholtz ,NA
1946-47,1947,Ernie Calverley ,NA
1946-47,1947,Chick Halbert ,NA
1946-47,1947,John Logan ,NA
1946-47,1947,Fred Scolari,NA
